,asset_name,assets,bea_asset_code,delta,eatr_d,eatr_e,eatr_mix,major_asset_group,metr_d,metr_e,metr_mix,mettr_d,mettr_e,mettr_mix,minor_asset_group,rho_d,rho_e,rho_mix,tax_treat,tax_wedge_d,tax_wedge_e,tax_wedge_mix,ucc_d,ucc_e,ucc_mix,z_d,z_e,z_mix
0,Prepackaged software,0.00000,ENS1,0.00000,0.13612,0.20090,0.18017,Equipment,0.20485,0.35000,0.33981,0.61212,0.55420,0.56729,Computers and Software,0.00582,0.03123,0.02310,corporate,0.02369,0.05302,0.04363,0.00582,0.03123,0.02310,-0.04341,-0.09539,-0.07939
1,Custom software,0.00000,ENS2,0.00000,0.13612,0.20090,0.18017,Equipment,0.20485,0.35000,0.33981,0.61212,0.55420,0.56729,Computers and Software,0.00582,0.03123,0.02310,corporate,0.02369,0.05302,0.04363,0.00582,0.03123,0.02310,-0.07032,-0.14948,-0.12566
2,Mainframes,0.00000,EP1A,0.00000,0.13612,0.20090,0.18017,Equipment,0.20485,0.35000,0.33981,0.61212,0.55420,0.56729,Computers and Software,0.00582,0.03123,0.02310,corporate,0.02369,0.05302,0.04363,0.00582,0.03123,0.02310,-0.05112,-0.11126,-0.09286
3,PCs,0.00000,EP1B,0.00000,0.13612,0.20090,0.18017,Equipment,0.20485,0.35000,0.33981,0.61212,0.55420,0.56729,Computers and Software,0.00582,0.03123,0.02310,corporate,0.02369,0.05302,0.04363,0.00582,0.03123,0.02310,-0.05112,-0.11126,-0.09286
4,DASDs,0.00000,EP1C,0.00000,0.13612,0.20090,0.18017,Equipment,0.20485,0.35000,0.33981,0.61212,0.55420,0.56729,Computers and Software,0.00582,0.03123,0.02310,corporate,0.02369,0.05302,0.04363,0.00582,0.03123,0.02310,-0.05112,-0.11126,-0.09286
5,Printers,0.00000,EP1D,0.00000,0.13612,0.20090,0.18017,Equipment,0.20485,0.35000,0.33981,0.61212,0.55420,0.56729,Computers and Software,0.00582,0.03123,0.02310,corporate,0.02369,0.05302,0.04363,0.00582,0.03123,0.02310,-0.05112,-0.11126,-0.09286
6,Terminals,0.00000,EP1E,0.00000,0.13612,0.20090,0.18017,Equipment,0.20485,0.35000,0.33981,0.61212,0.55420,0.56729,Computers and Software,0.00582,0.03123,0.02310,corporate,0.02369,0.05302,0.04363,0.00582,0.03123,0.02310,-0.05112,-0.11126,-0.09286
7,Tape drives,0.00000,EP1F,0.00000,0.13612,0.20090,0.18017,Equipment,0.20485,0.35000,0.33981,0.61212,0.55420,0.56729,Computers and Software,0.00582,0.03123,0.02310,corporate,0.02369,0.05302,0.04363,0.00582,0.03123,0.02310,-0.05112,-0.11126,-0.09286
8,Storage devices,0.00000,EP1G,0.00000,0.13612,0.20090,0.18017,Equipment,0.20485,0.35000,0.33981,0.61212,0.55420,0.56729,Computers and Software,0.00582,0.03123,0.02310,corporate,0.02369,0.05302,0.04363,0.00582,0.03123,0.02310,-0.05112,-0.11126,-0.09286
9,System integrators,0.00000,EP1H,0.00000,0.13612,0.20090,0.18017,Equipment,0.20485,0.35000,0.33981,0.61212,0.55420,0.56729,Computers and Software,0.00582,0.03123,0.02310,corporate,0.02369,0.05302,0.04363,0.00582,0.03123,0.02310,-0.05112,-0.11126,-0.09286
10,Special industrial machinery,0.00000,EI40,0.00000,0.13612,0.20090,0.18017,Equipment,0.20485,0.35000,0.33981,0.61212,0.55420,0.56729,Industrial Machinery,0.00582,0.03123,0.02310,corporate,0.02369,0.05302,0.04363,0.00582,0.03123,0.02310,-0.19491,-0.36002,-0.31507
11,General industrial equipment,0.00000,EI50,0.00000,0.13612,0.20090,0.18017,Equipment,0.20485,0.35000,0.33981,0.61212,0.55420,0.56729,Industrial Machinery,0.00582,0.03123,0.02310,corporate,0.02369,0.05302,0.04363,0.00582,0.03123,0.02310,-0.18886,-0.35109,-0.30672
12,Office and accounting equipment,0.00000,EP12,0.00000,0.13612,0.20090,0.18017,Equipment,0.20485,0.35000,0.33981,0.61212,0.55420,0.56729,Instruments and Communications Equipment,0.00582,0.03123,0.02310,corporate,0.02369,0.05302,0.04363,0.00582,0.03123,0.02310,-0.07410,-0.15680,-0.13199
13,Communications,0.00000,EP20,0.00000,0.13612,0.20090,0.18017,Equipment,0.20485,0.35000,0.33981,0.61212,0.55420,0.56729,Instruments and Communications Equipment,0.00582,0.03123,0.02310,corporate,0.02369,0.05302,0.04363,0.00582,0.03123,0.02310,-0.18105,-0.33938,-0.29582
14,Photocopy and related equipment,0.00000,EP31,0.00000,0.13612,0.20090,0.18017,Equipment,0.20485,0.35000,0.33981,0.61212,0.55420,0.56729,Instruments and Communications Equipment,0.00582,0.03123,0.02310,corporate,0.02369,0.05302,0.04363,0.00582,0.03123,0.02310,-0.12178,-0.24370,-0.20854
15,Nonelectro medical instruments,0.00000,EP34,0.00000,0.13612,0.20090,0.18017,Equipment,0.20485,0.35000,0.33981,0.61212,0.55420,0.56729,Instruments and Communications Equipment,0.00582,0.03123,0.02310,corporate,0.02369,0.05302,0.04363,0.00582,0.03123,0.02310,-0.15604,-0.30052,-0.25998
16,Electro medical instruments,0.00000,EP35,0.00000,0.13612,0.20090,0.18017,Equipment,0.20485,0.35000,0.33981,0.61212,0.55420,0.56729,Instruments and Communications Equipment,0.00582,0.03123,0.02310,corporate,0.02369,0.05302,0.04363,0.00582,0.03123,0.02310,-0.15604,-0.30052,-0.25998
17,Nonmedical instruments,0.00000,EP36,0.00000,0.13612,0.20090,0.18017,Equipment,0.20485,0.35000,0.33981,0.61212,0.55420,0.56729,Instruments and Communications Equipment,0.00582,0.03123,0.02310,corporate,0.02369,0.05302,0.04363,0.00582,0.03123,0.02310,-0.15604,-0.30052,-0.25998
18,Household furniture,0.00000,EO11,0.00000,0.13612,0.20090,0.18017,Equipment,0.20485,0.35000,0.33981,0.61212,0.55420,0.56729,Office and Residential Equipment,0.00582,0.03123,0.02310,corporate,0.02369,0.05302,0.04363,0.00582,0.03123,0.02310,-0.15364,-0.29668,-0.25646
19,Other furniture,0.00000,EO12,0.00000,0.13612,0.20090,0.18017,Equipment,0.20485,0.35000,0.33981,0.61212,0.55420,0.56729,Office and Residential Equipment,0.00582,0.03123,0.02310,corporate,0.02369,0.05302,0.04363,0.00582,0.03123,0.02310,-0.17472,-0.32973,-0.28687
20,Household appliances,0.00000,EO71,0.00000,0.13612,0.20090,0.18017,Equipment,0.20485,0.35000,0.33981,0.61212,0.55420,0.56729,Office and Residential Equipment,0.00582,0.03123,0.02310,corporate,0.02369,0.05302,0.04363,0.00582,0.03123,0.02310,-0.13140,-0.26009,-0.22326
21,Service industry machinery,0.00000,EO60,0.00000,0.13612,0.20090,0.18017,Equipment,0.20485,0.35000,0.33981,0.61212,0.55420,0.56729,Other Equipment,0.00582,0.03123,0.02310,corporate,0.02369,0.05302,0.04363,0.00582,0.03123,0.02310,-0.14041,-0.27514,-0.23687
22,Other electrical,0.00000,EO72,0.00000,0.13612,0.20090,0.18017,Equipment,0.20485,0.35000,0.33981,0.61212,0.55420,0.56729,Other Equipment,0.00582,0.03123,0.02310,corporate,0.02369,0.05302,0.04363,0.00582,0.03123,0.02310,-0.11979,-0.24027,-0.20547
23,Other,0.00000,EO80,0.00000,0.13612,0.20090,0.18017,Equipment,0.20485,0.35000,0.33981,0.61212,0.55420,0.56729,Other Equipment,0.00582,0.03123,0.02310,corporate,0.02369,0.05302,0.04363,0.00582,0.03123,0.02310,-0.14490,-0.28251,-0.24356
24,Nuclear fuel,0.00000,EI11,0.00000,0.13612,0.20090,0.18017,Equipment,0.20485,0.35000,0.33981,0.61212,0.55420,0.56729,Other Industrial Equipment,0.00582,0.03123,0.02310,corporate,0.02369,0.05302,0.04363,0.00582,0.03123,0.02310,-0.09078,-0.18831,-0.15946
25,Other fabricated metals,0.00000,EI12,0.00000,0.13612,0.20090,0.18017,Equipment,0.20485,0.35000,0.33981,0.61212,0.55420,0.56729,Other Industrial Equipment,0.00582,0.03123,0.02310,corporate,0.02369,0.05302,0.04363,0.00582,0.03123,0.02310,-0.21396,-0.38744,-0.34089
26,Metalworking machinery,0.00000,EI30,0.00000,0.13612,0.20090,0.18017,Equipment,0.20485,0.35000,0.33981,0.61212,0.55420,0.56729,Other Industrial Equipment,0.00582,0.03123,0.02310,corporate,0.02369,0.05302,0.04363,0.00582,0.03123,0.02310,-0.16927,-0.32133,-0.27910
27,Electric transmission and distribution,0.00000,EI60,0.00000,0.13612,0.20090,0.18017,Equipment,0.20485,0.35000,0.33981,0.61212,0.55420,0.56729,Other Industrial Equipment,0.00582,0.03123,0.02310,corporate,0.02369,0.05302,0.04363,0.00582,0.03123,0.02310,-0.33298,-0.53704,-0.48680
28,Farm tractors,0.00000,EO21,0.00000,0.13612,0.20090,0.18017,Equipment,0.20485,0.35000,0.33981,0.61212,0.55420,0.56729,Other Industrial Equipment,0.00582,0.03123,0.02310,corporate,0.02369,0.05302,0.04363,0.00582,0.03123,0.02310,-0.14669,-0.28543,-0.24621
29,Construction tractors,0.00000,EO22,0.00000,0.13612,0.20090,0.18017,Equipment,0.20485,0.35000,0.33981,0.61212,0.55420,0.56729,Other Industrial Equipment,0.00582,0.03123,0.02310,corporate,0.02369,0.05302,0.04363,0.00582,0.03123,0.02310,-0.13258,-0.26209,-0.22506
30,Other agricultural machinery,0.00000,EO30,0.00000,0.13612,0.20090,0.18017,Equipment,0.20485,0.35000,0.33981,0.61212,0.55420,0.56729,Other Industrial Equipment,0.00582,0.03123,0.02310,corporate,0.02369,0.05302,0.04363,0.00582,0.03123,0.02310,-0.17472,-0.32973,-0.28687
31,Other construction machinery,0.00000,EO40,0.00000,0.13612,0.20090,0.18017,Equipment,0.20485,0.35000,0.33981,0.61212,0.55420,0.56729,Other Industrial Equipment,0.00582,0.03123,0.02310,corporate,0.02369,0.05302,0.04363,0.00582,0.03123,0.02310,-0.13870,-0.27230,-0.23429
32,Mining and oilfield machinery,0.00000,EO50,0.00000,0.13612,0.20090,0.18017,Equipment,0.20485,0.35000,0.33981,0.61212,0.55420,0.56729,Other Industrial Equipment,0.00582,0.03123,0.02310,corporate,0.02369,0.05302,0.04363,0.00582,0.03123,0.02310,-0.14266,-0.27885,-0.24023
33,Steam engines,0.00000,EI21,0.00000,0.13612,0.20090,0.18017,Equipment,0.20485,0.35000,0.33981,0.61212,0.55420,0.56729,Transportation Equipment,0.00582,0.03123,0.02310,corporate,0.02369,0.05302,0.04363,0.00582,0.03123,0.02310,-0.32602,-0.52920,-0.47893
34,Internal combustion engines,0.00000,EI22,0.00000,0.13612,0.20090,0.18017,Equipment,0.20485,0.35000,0.33981,0.61212,0.55420,0.56729,Transportation Equipment,0.00582,0.03123,0.02310,corporate,0.02369,0.05302,0.04363,0.00582,0.03123,0.02310,-0.10793,-0.21945,-0.18692
35,Light trucks (including utility vehicles),0.00000,ET11,0.00000,0.13612,0.20090,0.18017,Equipment,0.20485,0.35000,0.33981,0.61212,0.55420,0.56729,Transportation Equipment,0.00582,0.03123,0.02310,corporate,0.02369,0.05302,0.04363,0.00582,0.03123,0.02310,-0.12641,-0.25163,-0.21565
36,"Other trucks, buses and truck trailers",0.00000,ET12,0.00000,0.13612,0.20090,0.18017,Equipment,0.20485,0.35000,0.33981,0.61212,0.55420,0.56729,Transportation Equipment,0.00582,0.03123,0.02310,corporate,0.02369,0.05302,0.04363,0.00582,0.03123,0.02310,-0.12641,-0.25163,-0.21565
37,Autos,0.00000,ET20,0.00000,0.13612,0.20090,0.18017,Equipment,0.20485,0.35000,0.33981,0.61212,0.55420,0.56729,Transportation Equipment,0.00582,0.03123,0.02310,corporate,0.02369,0.05302,0.04363,0.00582,0.03123,0.02310,-0.06967,-0.14822,-0.12457
38,Aircraft,0.00000,ET30,0.00000,0.13612,0.20090,0.18017,Equipment,0.20485,0.35000,0.33981,0.61212,0.55420,0.56729,Transportation Equipment,0.00582,0.03123,0.02310,corporate,0.02369,0.05302,0.04363,0.00582,0.03123,0.02310,-0.22515,-0.40306,-0.35572
39,Ships and boats,0.00000,ET40,0.00000,0.13612,0.20090,0.18017,Equipment,0.20485,0.35000,0.33981,0.61212,0.55420,0.56729,Transportation Equipment,0.00582,0.03123,0.02310,corporate,0.02369,0.05302,0.04363,0.00582,0.03123,0.02310,-0.29003,-0.48699,-0.43701
40,Railroad equipment,0.00000,ET50,0.00000,0.13612,0.20090,0.18017,Equipment,0.20485,0.35000,0.33981,0.61212,0.55420,0.56729,Transportation Equipment,0.00582,0.03123,0.02310,corporate,0.02369,0.05302,0.04363,0.00582,0.03123,0.02310,-0.29764,-0.49615,-0.44605
41,Theatrical movies,0.00000,AE10,0.00000,0.13612,0.20090,0.18017,Intellectual Property,0.20485,0.35000,0.33981,0.61212,0.55420,0.56729,Intellectual Property,0.00582,0.03123,0.02310,corporate,0.02369,0.05302,0.04363,0.00582,0.03123,0.02310,-0.21160,-0.38411,-0.33774
42,Long-lived television programs,0.00000,AE20,0.00000,0.13612,0.20090,0.18017,Intellectual Property,0.20485,0.35000,0.33981,0.61212,0.55420,0.56729,Intellectual Property,0.00582,0.03123,0.02310,corporate,0.02369,0.05302,0.04363,0.00582,0.03123,0.02310,-0.12935,-0.25664,-0.22015
43,Books,0.00000,AE30,0.00000,0.13612,0.20090,0.18017,Intellectual Property,0.20485,0.35000,0.33981,0.61212,0.55420,0.56729,Intellectual Property,0.00582,0.03123,0.02310,corporate,0.02369,0.05302,0.04363,0.00582,0.03123,0.02310,-0.17101,-0.32402,-0.28159
44,Music,0.00000,AE40,0.00000,0.13612,0.20090,0.18017,Intellectual Property,0.20485,0.35000,0.33981,0.61212,0.55420,0.56729,Intellectual Property,0.00582,0.03123,0.02310,corporate,0.02369,0.05302,0.04363,0.00582,0.03123,0.02310,-0.08549,-0.17846,-0.15084
45,Other entertainment originals,0.00000,AE50,0.00000,0.13612,0.20090,0.18017,Intellectual Property,0.20485,0.35000,0.33981,0.61212,0.55420,0.56729,Intellectual Property,0.00582,0.03123,0.02310,corporate,0.02369,0.05302,0.04363,0.00582,0.03123,0.02310,-0.18632,-0.34731,-0.30319
46,Own account software,0.00000,ENS3,0.00000,0.13612,0.20090,0.18017,Intellectual Property,0.20485,0.35000,0.33981,0.61212,0.55420,0.56729,Intellectual Property,0.00582,0.03123,0.02310,corporate,0.02369,0.05302,0.04363,0.00582,0.03123,0.02310,-0.07032,-0.14948,-0.12566
47,Pharmaceutical and medicine manufacturing,0.00000,RD11,0.00000,0.13612,0.20090,0.18017,Intellectual Property,0.20485,0.35000,0.33981,0.61212,0.55420,0.56729,Intellectual Property,0.00582,0.03123,0.02310,corporate,0.02369,0.05302,0.04363,0.00582,0.03123,0.02310,-0.19974,-0.36709,-0.32170
48,"Chemical manufacturing, ex. pharma and med",0.00000,RD12,0.00000,0.13612,0.20090,0.18017,Intellectual Property,0.20485,0.35000,0.33981,0.61212,0.55420,0.56729,Intellectual Property,0.00582,0.03123,0.02310,corporate,0.02369,0.05302,0.04363,0.00582,0.03123,0.02310,-0.13495,-0.26606,-0.22865
49,Computers and peripheral equipment manufacturing,0.00000,RD21,0.00000,0.13612,0.20090,0.18017,Intellectual Property,0.20485,0.35000,0.33981,0.61212,0.55420,0.56729,Intellectual Property,0.00582,0.03123,0.02310,corporate,0.02369,0.05302,0.04363,0.00582,0.03123,0.02310,-0.05873,-0.12664,-0.10600
50,Communications equipment manufacturing,0.00000,RD22,0.00000,0.13612,0.20090,0.18017,Intellectual Property,0.20485,0.35000,0.33981,0.61212,0.55420,0.56729,Intellectual Property,0.00582,0.03123,0.02310,corporate,0.02369,0.05302,0.04363,0.00582,0.03123,0.02310,-0.08462,-0.17683,-0.14941
51,Semiconductor and other component manufacturing,0.00000,RD23,0.00000,0.13612,0.20090,0.18017,Intellectual Property,0.20485,0.35000,0.33981,0.61212,0.55420,0.56729,Intellectual Property,0.00582,0.03123,0.02310,corporate,0.02369,0.05302,0.04363,0.00582,0.03123,0.02310,-0.09078,-0.18831,-0.15946
52,Navigational and other instruments manufacturing,0.00000,RD24,0.00000,0.13612,0.20090,0.18017,Intellectual Property,0.20485,0.35000,0.33981,0.61212,0.55420,0.56729,Intellectual Property,0.00582,0.03123,0.02310,corporate,0.02369,0.05302,0.04363,0.00582,0.03123,0.02310,-0.07925,-0.16667,-0.14056
53,"Other computer and electronic manufacturing, n.e.c.",0.00000,RD25,0.00000,0.13612,0.20090,0.18017,Intellectual Property,0.20485,0.35000,0.33981,0.61212,0.55420,0.56729,Intellectual Property,0.00582,0.03123,0.02310,corporate,0.02369,0.05302,0.04363,0.00582,0.03123,0.02310,-0.05873,-0.12664,-0.10600
54,Motor vehicles and parts manufacturing,0.00000,RD31,0.00000,0.13612,0.20090,0.18017,Intellectual Property,0.20485,0.35000,0.33981,0.61212,0.55420,0.56729,Intellectual Property,0.00582,0.03123,0.02310,corporate,0.02369,0.05302,0.04363,0.00582,0.03123,0.02310,-0.07452,-0.15761,-0.13269
55,Aerospace products and parts manufacturing,0.00000,RD32,0.00000,0.13612,0.20090,0.18017,Intellectual Property,0.20485,0.35000,0.33981,0.61212,0.55420,0.56729,Intellectual Property,0.00582,0.03123,0.02310,corporate,0.02369,0.05302,0.04363,0.00582,0.03123,0.02310,-0.10189,-0.20863,-0.17735
56,Software publishers,0.00000,RD40,0.00000,0.13612,0.20090,0.18017,Intellectual Property,0.20485,0.35000,0.33981,0.61212,0.55420,0.56729,Intellectual Property,0.00582,0.03123,0.02310,corporate,0.02369,0.05302,0.04363,0.00582,0.03123,0.02310,-0.10189,-0.20863,-0.17735
57,Financial and real estate services,0.00000,RD50,0.00000,0.13612,0.20090,0.18017,Intellectual Property,0.20485,0.35000,0.33981,0.61212,0.55420,0.56729,Intellectual Property,0.00582,0.03123,0.02310,corporate,0.02369,0.05302,0.04363,0.00582,0.03123,0.02310,-0.13495,-0.26606,-0.22865
58,Computer systems design and related services,0.00000,RD60,0.00000,0.13612,0.20090,0.18017,Intellectual Property,0.20485,0.35000,0.33981,0.61212,0.55420,0.56729,Intellectual Property,0.00582,0.03123,0.02310,corporate,0.02369,0.05302,0.04363,0.00582,0.03123,0.02310,-0.06484,-0.13876,-0.11641
59,Scientific research and development services,0.00000,RD70,0.00000,0.13612,0.20090,0.18017,Intellectual Property,0.20485,0.35000,0.33981,0.61212,0.55420,0.56729,Intellectual Property,0.00582,0.03123,0.02310,corporate,0.02369,0.05302,0.04363,0.00582,0.03123,0.02310,-0.13495,-0.26606,-0.22865
60,"All other nonmanufacturing, n.e.c.",0.00000,RD80,0.00000,0.13612,0.20090,0.18017,Intellectual Property,0.20485,0.35000,0.33981,0.61212,0.55420,0.56729,Intellectual Property,0.00582,0.03123,0.02310,corporate,0.02369,0.05302,0.04363,0.00582,0.03123,0.02310,-0.13495,-0.26606,-0.22865
61,Private universities and colleges,0.00000,RD91,0.00000,0.13612,0.20090,0.18017,Intellectual Property,0.20485,0.35000,0.33981,0.61212,0.55420,0.56729,Intellectual Property,0.00582,0.03123,0.02310,corporate,0.02369,0.05302,0.04363,0.00582,0.03123,0.02310,-0.13495,-0.26606,-0.22865
62,Other nonprofit institutions,0.00000,RD92,0.00000,0.13612,0.20090,0.18017,Intellectual Property,0.20485,0.35000,0.33981,0.61212,0.55420,0.56729,Intellectual Property,0.00582,0.03123,0.02310,corporate,0.02369,0.05302,0.04363,0.00582,0.03123,0.02310,-0.13495,-0.26606,-0.22865
63,Other manufacturing,0.00000,RDOM,0.00000,0.13612,0.20090,0.18017,Intellectual Property,0.20485,0.35000,0.33981,0.61212,0.55420,0.56729,Intellectual Property,0.00582,0.03123,0.02310,corporate,0.02369,0.05302,0.04363,0.00582,0.03123,0.02310,-0.13495,-0.26606,-0.22865
64,Inventories,0.00000,INV,0.00000,0.11012,0.14728,0.13546,Inventories,0.00775,0.14940,0.13172,0.40568,0.36166,0.37097,Inventories,0.00035,0.01868,0.01284,corporate,0.01822,0.04047,0.03337,0.00035,0.01868,0.01284,0.00000,0.00000,0.00000
65,Land,0.00000,LAND,0.00000,0.10192,0.14000,0.12781,Land,-0.07879,0.14000,0.11441,0.40885,0.36818,0.37767,Land,-0.00284,0.01581,0.00985,corporate,0.01503,0.03760,0.03038,-0.00284,0.01581,0.00985,0.00000,0.00000,0.00000
66,Petroleum and natural gas,0.00000,SM01,0.00000,0.13612,0.20090,0.18017,Structures,0.20485,0.35000,0.33981,0.61212,0.55420,0.56729,Mining and Drilling Structures,0.00582,0.03123,0.02310,corporate,0.02369,0.05302,0.04363,0.00582,0.03123,0.02310,-0.24945,-0.43576,-0.38707
67,Mining,0.00000,SM02,0.00000,0.13612,0.20090,0.18017,Structures,0.20485,0.35000,0.33981,0.61212,0.55420,0.56729,Mining and Drilling Structures,0.00582,0.03123,0.02310,corporate,0.02369,0.05302,0.04363,0.00582,0.03123,0.02310,-0.35678,-0.56311,-0.51313
68,Communication,0.00000,SU20,0.00000,0.13612,0.20090,0.18017,Structures,0.20485,0.35000,0.33981,0.61212,0.55420,0.56729,Mining and Drilling Structures,0.00582,0.03123,0.02310,corporate,0.02369,0.05302,0.04363,0.00582,0.03123,0.02310,-0.51295,-0.70991,-0.66679
69,Gas,0.00000,SU40,0.00000,0.13612,0.20090,0.18017,Structures,0.20485,0.35000,0.33981,0.61212,0.55420,0.56729,Mining and Drilling Structures,0.00582,0.03123,0.02310,corporate,0.02369,0.05302,0.04363,0.00582,0.03123,0.02310,-0.24945,-0.43576,-0.38707
70,Petroleum pipelines,0.00000,SU50,0.00000,0.13612,0.20090,0.18017,Structures,0.20485,0.35000,0.33981,0.61212,0.55420,0.56729,Mining and Drilling Structures,0.00582,0.03123,0.02310,corporate,0.02369,0.05302,0.04363,0.00582,0.03123,0.02310,-0.51295,-0.70991,-0.66679
71,Religious,0.00000,SB10,0.00000,0.10869,0.15197,0.13837,Structures,-0.03254,0.17402,0.15191,0.44199,0.39831,0.40921,Nonresidential Buildings,-0.00112,0.01884,0.01252,corporate,0.01675,0.04063,0.03305,-0.00112,0.01884,0.01252,-0.06174,-0.14846,-0.13637
72,Educational and vocational,0.00000,SB20,0.00000,0.10394,0.14445,0.13170,Structures,-0.06541,0.15230,0.12783,0.41844,0.37907,0.38895,Nonresidential Buildings,-0.00232,0.01694,0.01083,corporate,0.01554,0.03873,0.03136,-0.00232,0.01694,0.01083,0.02630,-0.05513,-0.04379
73,Hospitals,0.00000,SB31,0.00000,0.10394,0.14445,0.13170,Structures,-0.06541,0.15230,0.12783,0.41844,0.37907,0.38895,Nonresidential Buildings,-0.00232,0.01694,0.01083,corporate,0.01554,0.03873,0.03136,-0.00232,0.01694,0.01083,0.02630,-0.05513,-0.04379
74,Special care,0.00000,SB32,0.00000,0.10394,0.14445,0.13170,Structures,-0.06541,0.15230,0.12783,0.41844,0.37907,0.38895,Nonresidential Buildings,-0.00232,0.01694,0.01083,corporate,0.01554,0.03873,0.03136,-0.00232,0.01694,0.01083,0.02630,-0.05513,-0.04379
75,Lodging,0.00000,SB41,0.00000,0.09811,0.13761,0.12513,Structures,-0.10318,0.13354,0.10539,0.39137,0.36246,0.37007,Nonresidential Buildings,-0.00380,0.01521,0.00917,corporate,0.01407,0.03700,0.02970,-0.00380,0.01521,0.00917,0.12627,0.02644,0.04439
76,Air transportation,0.00000,SB43,0.00000,0.10087,0.14084,0.12824,Structures,-0.08564,0.14231,0.11586,0.40394,0.37022,0.37888,Nonresidential Buildings,-0.00310,0.01603,0.00995,corporate,0.01477,0.03781,0.03049,-0.00310,0.01603,0.00995,0.08373,-0.00984,0.00554
77,Other transportation,0.00000,SB45,0.00000,0.10087,0.14084,0.12824,Structures,-0.08564,0.14231,0.11586,0.40394,0.37022,0.37888,Nonresidential Buildings,-0.00310,0.01603,0.00995,corporate,0.01477,0.03781,0.03049,-0.00310,0.01603,0.00995,0.08373,-0.00984,0.00554
78,Warehouses,0.00000,SC01,0.00000,0.10162,0.14173,0.12909,Structures,-0.08076,0.14473,0.11876,0.40744,0.37237,0.38132,Nonresidential Buildings,-0.00291,0.01625,0.01017,corporate,0.01496,0.03804,0.03070,-0.00291,0.01625,0.01017,0.07076,-0.02042,-0.00590
79,Other commercial,0.00000,SC02,0.00000,0.09930,0.13901,0.12647,Structures,-0.09568,0.13730,0.10988,0.39675,0.36579,0.37385,Nonresidential Buildings,-0.00350,0.01556,0.00951,corporate,0.01437,0.03735,0.03004,-0.00350,0.01556,0.00951,0.10880,0.01124,0.02818
80,Multimerchandise shopping,0.00000,SC03,0.00000,0.09930,0.13901,0.12647,Structures,-0.09568,0.13730,0.10988,0.39675,0.36579,0.37385,Nonresidential Buildings,-0.00350,0.01556,0.00951,corporate,0.01437,0.03735,0.03004,-0.00350,0.01556,0.00951,0.10880,0.01124,0.02818
81,Food and beverage establishments,0.00000,SC04,0.00000,0.09930,0.13901,0.12647,Structures,-0.09568,0.13730,0.10988,0.39675,0.36579,0.37385,Nonresidential Buildings,-0.00350,0.01556,0.00951,corporate,0.01437,0.03735,0.03004,-0.00350,0.01556,0.00951,0.10880,0.01124,0.02818
82,Manufacturing,0.00000,SI00,0.00000,0.09604,0.13518,0.12280,Structures,-0.11595,0.12709,0.09771,0.38222,0.35675,0.36361,Nonresidential Buildings,-0.00432,0.01459,0.00858,corporate,0.01354,0.03638,0.02911,-0.00432,0.01459,0.00858,0.15381,0.05131,0.07068
83,Public safety,0.00000,SO03,0.00000,0.10087,0.14084,0.12824,Structures,-0.08564,0.14231,0.11586,0.40394,0.37022,0.37888,Nonresidential Buildings,-0.00310,0.01603,0.00995,corporate,0.01477,0.03781,0.03049,-0.00310,0.01603,0.00995,0.08373,-0.00984,0.00554
84,Office,0.00000,SOO1,0.00000,0.10024,0.14011,0.12753,Structures,-0.08968,0.14030,0.11346,0.40104,0.36844,0.37686,Nonresidential Buildings,-0.00326,0.01584,0.00977,corporate,0.01461,0.03763,0.03031,-0.00326,0.01584,0.00977,0.09406,-0.00125,0.01479
85,Medical buildings,0.00000,SOO2,0.00000,0.10024,0.14011,0.12753,Structures,-0.08968,0.14030,0.11346,0.40104,0.36844,0.37686,Nonresidential Buildings,-0.00326,0.01584,0.00977,corporate,0.01461,0.03763,0.03031,-0.00326,0.01584,0.00977,0.09406,-0.00125,0.01479
86,Amusement and recreation,0.00000,SB42,0.00000,0.13612,0.20090,0.18017,Structures,0.20485,0.35000,0.33981,0.61212,0.55420,0.56729,Other Structures,0.00582,0.03123,0.02310,corporate,0.02369,0.05302,0.04363,0.00582,0.03123,0.02310,-0.45415,-0.65909,-0.61254
87,Local transit structures,0.00000,SB44,0.00000,0.10087,0.14084,0.12824,Structures,-0.08564,0.14231,0.11586,0.40394,0.37022,0.37888,Other Structures,-0.00310,0.01603,0.00995,corporate,0.01477,0.03781,0.03049,-0.00310,0.01603,0.00995,0.08373,-0.00984,0.00554
88,Other land transportation,0.00000,SB46,0.00000,0.13612,0.20090,0.18017,Structures,0.20485,0.35000,0.33981,0.61212,0.55420,0.56729,Other Structures,0.00582,0.03123,0.02310,corporate,0.02369,0.05302,0.04363,0.00582,0.03123,0.02310,-0.51295,-0.70991,-0.66679
89,Farm,0.00000,SN00,0.00000,0.13612,0.20090,0.18017,Structures,0.20485,0.35000,0.33981,0.61212,0.55420,0.56729,Other Structures,0.00582,0.03123,0.02310,corporate,0.02369,0.05302,0.04363,0.00582,0.03123,0.02310,-0.51085,-0.70818,-0.66492
90,Water supply,0.00000,SO01,0.00000,0.13612,0.20090,0.18017,Structures,0.20485,0.35000,0.33981,0.61212,0.55420,0.56729,Other Structures,0.00582,0.03123,0.02310,corporate,0.02369,0.05302,0.04363,0.00582,0.03123,0.02310,-0.52592,-0.72050,-0.67824
91,Sewage and waste disposal,0.00000,SO02,0.00000,0.13612,0.20090,0.18017,Structures,0.20485,0.35000,0.33981,0.61212,0.55420,0.56729,Other Structures,0.00582,0.03123,0.02310,corporate,0.02369,0.05302,0.04363,0.00582,0.03123,0.02310,-0.52592,-0.72050,-0.67824
92,Highway and conservation and development,0.00000,SO04,0.00000,0.13612,0.20090,0.18017,Structures,0.20485,0.35000,0.33981,0.61212,0.55420,0.56729,Other Structures,0.00582,0.03123,0.02310,corporate,0.02369,0.05302,0.04363,0.00582,0.03123,0.02310,-0.52592,-0.72050,-0.67824
93,Mobile structures,0.00000,SOMO,0.00000,0.13612,0.20090,0.18017,Structures,0.20485,0.35000,0.33981,0.61212,0.55420,0.56729,Other Structures,0.00582,0.03123,0.02310,corporate,0.02369,0.05302,0.04363,0.00582,0.03123,0.02310,-0.30983,-0.51056,-0.46034
94,Other railroad,0.00000,SU11,0.00000,0.13612,0.20090,0.18017,Structures,0.20485,0.35000,0.33981,0.61212,0.55420,0.56729,Other Structures,0.00582,0.03123,0.02310,corporate,0.02369,0.05302,0.04363,0.00582,0.03123,0.02310,-0.58647,-0.76720,-0.72934
95,Track replacement,0.00000,SU12,0.00000,0.13612,0.20090,0.18017,Structures,0.20485,0.35000,0.33981,0.61212,0.55420,0.56729,Other Structures,0.00582,0.03123,0.02310,corporate,0.02369,0.05302,0.04363,0.00582,0.03123,0.02310,-0.50060,-0.69964,-0.65573
96,Electric,0.00000,SU30,0.00000,0.13612,0.20090,0.18017,Structures,0.20485,0.35000,0.33981,0.61212,0.55420,0.56729,Other Structures,0.00582,0.03123,0.02310,corporate,0.02369,0.05302,0.04363,0.00582,0.03123,0.02310,-0.54190,-0.73325,-0.69209
97,Wind and solar,0.00000,SU60,0.00000,0.13612,0.20090,0.18017,Structures,0.20485,0.35000,0.33981,0.61212,0.55420,0.56729,Other Structures,0.00582,0.03123,0.02310,corporate,0.02369,0.05302,0.04363,0.00582,0.03123,0.02310,-0.45168,-0.65685,-0.61018
98,Residential,0.00000,RES,0.00000,0.11082,0.15384,0.14041,Structures,-0.01709,0.17961,0.15952,0.45306,0.40326,0.41561,Residential Buildings,-0.00058,0.01932,0.01303,corporate,0.01729,0.04111,0.03357,-0.00058,0.01932,0.01303,-0.11186,-0.17743,-0.17179
99,Prepackaged software,0.00000,ENS1,0.00000,0.05517,0.08928,0.07939,Equipment,0.24848,0.24000,0.20453,0.61121,0.75370,0.72366,Computers and Software,0.00621,-0.01244,-0.00703,non-corporate,0.02296,0.02934,0.02749,0.00621,-0.01244,-0.00703,-0.04792,-0.05105,-0.05014
100,Custom software,0.00000,ENS2,0.00000,0.05517,0.08928,0.07939,Equipment,0.24848,0.24000,0.20453,0.61121,0.75370,0.72366,Computers and Software,0.00621,-0.01244,-0.00703,non-corporate,0.02296,0.02934,0.02749,0.00621,-0.01244,-0.00703,-0.07739,-0.08229,-0.08087
101,Mainframes,0.00000,EP1A,0.00000,0.05517,0.08928,0.07939,Equipment,0.24848,0.24000,0.20453,0.61121,0.75370,0.72366,Computers and Software,0.00621,-0.01244,-0.00703,non-corporate,0.02296,0.02934,0.02749,0.00621,-0.01244,-0.00703,-0.05638,-0.06003,-0.05897
102,PCs,0.00000,EP1B,0.00000,0.05517,0.08928,0.07939,Equipment,0.24848,0.24000,0.20453,0.61121,0.75370,0.72366,Computers and Software,0.00621,-0.01244,-0.00703,non-corporate,0.02296,0.02934,0.02749,0.00621,-0.01244,-0.00703,-0.05638,-0.06003,-0.05897
103,DASDs,0.00000,EP1C,0.00000,0.05517,0.08928,0.07939,Equipment,0.24848,0.24000,0.20453,0.61121,0.75370,0.72366,Computers and Software,0.00621,-0.01244,-0.00703,non-corporate,0.02296,0.02934,0.02749,0.00621,-0.01244,-0.00703,-0.05638,-0.06003,-0.05897
104,Printers,0.00000,EP1D,0.00000,0.05517,0.08928,0.07939,Equipment,0.24848,0.24000,0.20453,0.61121,0.75370,0.72366,Computers and Software,0.00621,-0.01244,-0.00703,non-corporate,0.02296,0.02934,0.02749,0.00621,-0.01244,-0.00703,-0.05638,-0.06003,-0.05897
105,Terminals,0.00000,EP1E,0.00000,0.05517,0.08928,0.07939,Equipment,0.24848,0.24000,0.20453,0.61121,0.75370,0.72366,Computers and Software,0.00621,-0.01244,-0.00703,non-corporate,0.02296,0.02934,0.02749,0.00621,-0.01244,-0.00703,-0.05638,-0.06003,-0.05897
106,Tape drives,0.00000,EP1F,0.00000,0.05517,0.08928,0.07939,Equipment,0.24848,0.24000,0.20453,0.61121,0.75370,0.72366,Computers and Software,0.00621,-0.01244,-0.00703,non-corporate,0.02296,0.02934,0.02749,0.00621,-0.01244,-0.00703,-0.05638,-0.06003,-0.05897
107,Storage devices,0.00000,EP1G,0.00000,0.05517,0.08928,0.07939,Equipment,0.24848,0.24000,0.20453,0.61121,0.75370,0.72366,Computers and Software,0.00621,-0.01244,-0.00703,non-corporate,0.02296,0.02934,0.02749,0.00621,-0.01244,-0.00703,-0.05638,-0.06003,-0.05897
108,System integrators,0.00000,EP1H,0.00000,0.05517,0.08928,0.07939,Equipment,0.24848,0.24000,0.20453,0.61121,0.75370,0.72366,Computers and Software,0.00621,-0.01244,-0.00703,non-corporate,0.02296,0.02934,0.02749,0.00621,-0.01244,-0.00703,-0.05638,-0.06003,-0.05897
109,Special industrial machinery,0.00000,EI40,0.00000,0.05517,0.08928,0.07939,Equipment,0.24848,0.24000,0.20453,0.61121,0.75370,0.72366,Industrial Machinery,0.00621,-0.01244,-0.00703,non-corporate,0.02296,0.02934,0.02749,0.00621,-0.01244,-0.00703,-0.21165,-0.22300,-0.21974
110,General industrial equipment,0.00000,EI50,0.00000,0.05517,0.08928,0.07939,Equipment,0.24848,0.24000,0.20453,0.61121,0.75370,0.72366,Industrial Machinery,0.00621,-0.01244,-0.00703,non-corporate,0.02296,0.02934,0.02749,0.00621,-0.01244,-0.00703,-0.20522,-0.21631,-0.21313
111,Office and accounting equipment,0.00000,EP12,0.00000,0.05517,0.08928,0.07939,Equipment,0.24848,0.24000,0.20453,0.61121,0.75370,0.72366,Instruments and Communications Equipment,0.00621,-0.01244,-0.00703,non-corporate,0.02296,0.02934,0.02749,0.00621,-0.01244,-0.00703,-0.08151,-0.08665,-0.08516
112,Communications,0.00000,EP20,0.00000,0.05517,0.08928,0.07939,Equipment,0.24848,0.24000,0.20453,0.61121,0.75370,0.72366,Instruments and Communications Equipment,0.00621,-0.01244,-0.00703,non-corporate,0.02296,0.02934,0.02749,0.00621,-0.01244,-0.00703,-0.19690,-0.20766,-0.20457
113,Photocopy and related equipment,0.00000,EP31,0.00000,0.05517,0.08928,0.07939,Equipment,0.24848,0.24000,0.20453,0.61121,0.75370,0.72366,Instruments and Communications Equipment,0.00621,-0.01244,-0.00703,non-corporate,0.02296,0.02934,0.02749,0.00621,-0.01244,-0.00703,-0.13328,-0.14118,-0.13890
114,Nonelectro medical instruments,0.00000,EP34,0.00000,0.05517,0.08928,0.07939,Equipment,0.24848,0.24000,0.20453,0.61121,0.75370,0.72366,Instruments and Communications Equipment,0.00621,-0.01244,-0.00703,non-corporate,0.02296,0.02934,0.02749,0.00621,-0.01244,-0.00703,-0.17015,-0.17978,-0.17701
115,Electro medical instruments,0.00000,EP35,0.00000,0.05517,0.08928,0.07939,Equipment,0.24848,0.24000,0.20453,0.61121,0.75370,0.72366,Instruments and Communications Equipment,0.00621,-0.01244,-0.00703,non-corporate,0.02296,0.02934,0.02749,0.00621,-0.01244,-0.00703,-0.17015,-0.17978,-0.17701
116,Nonmedical instruments,0.00000,EP36,0.00000,0.05517,0.08928,0.07939,Equipment,0.24848,0.24000,0.20453,0.61121,0.75370,0.72366,Instruments and Communications Equipment,0.00621,-0.01244,-0.00703,non-corporate,0.02296,0.02934,0.02749,0.00621,-0.01244,-0.00703,-0.17015,-0.17978,-0.17701
117,Household furniture,0.00000,EO11,0.00000,0.05517,0.08928,0.07939,Equipment,0.24848,0.24000,0.20453,0.61121,0.75370,0.72366,Office and Residential Equipment,0.00621,-0.01244,-0.00703,non-corporate,0.02296,0.02934,0.02749,0.00621,-0.01244,-0.00703,-0.16757,-0.17709,-0.17435
118,Other furniture,0.00000,EO12,0.00000,0.05517,0.08928,0.07939,Equipment,0.24848,0.24000,0.20453,0.61121,0.75370,0.72366,Office and Residential Equipment,0.00621,-0.01244,-0.00703,non-corporate,0.02296,0.02934,0.02749,0.00621,-0.01244,-0.00703,-0.19014,-0.20062,-0.19761
119,Household appliances,0.00000,EO71,0.00000,0.05517,0.08928,0.07939,Equipment,0.24848,0.24000,0.20453,0.61121,0.75370,0.72366,Office and Residential Equipment,0.00621,-0.01244,-0.00703,non-corporate,0.02296,0.02934,0.02749,0.00621,-0.01244,-0.00703,-0.14366,-0.15206,-0.14964
120,Service industry machinery,0.00000,EO60,0.00000,0.05517,0.08928,0.07939,Equipment,0.24848,0.24000,0.20453,0.61121,0.75370,0.72366,Other Equipment,0.00621,-0.01244,-0.00703,non-corporate,0.02296,0.02934,0.02749,0.00621,-0.01244,-0.00703,-0.15337,-0.16223,-0.15968
121,Other electrical,0.00000,EO72,0.00000,0.05517,0.08928,0.07939,Equipment,0.24848,0.24000,0.20453,0.61121,0.75370,0.72366,Other Equipment,0.00621,-0.01244,-0.00703,non-corporate,0.02296,0.02934,0.02749,0.00621,-0.01244,-0.00703,-0.13114,-0.13892,-0.13668
122,Other,0.00000,EO80,0.00000,0.05517,0.08928,0.07939,Equipment,0.24848,0.24000,0.20453,0.61121,0.75370,0.72366,Other Equipment,0.00621,-0.01244,-0.00703,non-corporate,0.02296,0.02934,0.02749,0.00621,-0.01244,-0.00703,-0.15819,-0.16727,-0.16466
123,Nuclear fuel,0.00000,EI11,0.00000,0.05517,0.08928,0.07939,Equipment,0.24848,0.24000,0.20453,0.61121,0.75370,0.72366,Other Industrial Equipment,0.00621,-0.01244,-0.00703,non-corporate,0.02296,0.02934,0.02749,0.00621,-0.01244,-0.00703,-0.09968,-0.10583,-0.10406
124,Other fabricated metals,0.00000,EI12,0.00000,0.05517,0.08928,0.07939,Equipment,0.24848,0.24000,0.20453,0.61121,0.75370,0.72366,Other Industrial Equipment,0.00621,-0.01244,-0.00703,non-corporate,0.02296,0.02934,0.02749,0.00621,-0.01244,-0.00703,-0.23186,-0.24395,-0.24049
125,Metalworking machinery,0.00000,EI30,0.00000,0.05517,0.08928,0.07939,Equipment,0.24848,0.24000,0.20453,0.61121,0.75370,0.72366,Other Industrial Equipment,0.00621,-0.01244,-0.00703,non-corporate,0.02296,0.02934,0.02749,0.00621,-0.01244,-0.00703,-0.18431,-0.19455,-0.19161
126,Electric transmission and distribution,0.00000,EI60,0.00000,0.05517,0.08928,0.07939,Equipment,0.24848,0.24000,0.20453,0.61121,0.75370,0.72366,Other Industrial Equipment,0.00621,-0.01244,-0.00703,non-corporate,0.02296,0.02934,0.02749,0.00621,-0.01244,-0.00703,-0.35633,-0.37177,-0.36737
127,Farm tractors,0.00000,EO21,0.00000,0.05517,0.08928,0.07939,Equipment,0.24848,0.24000,0.20453,0.61121,0.75370,0.72366,Other Industrial Equipment,0.00621,-0.01244,-0.00703,non-corporate,0.02296,0.02934,0.02749,0.00621,-0.01244,-0.00703,-0.16011,-0.16928,-0.16664
128,Construction tractors,0.00000,EO22,0.00000,0.05517,0.08928,0.07939,Equipment,0.24848,0.24000,0.20453,0.61121,0.75370,0.72366,Other Industrial Equipment,0.00621,-0.01244,-0.00703,non-corporate,0.02296,0.02934,0.02749,0.00621,-0.01244,-0.00703,-0.14494,-0.15340,-0.15096
129,Other agricultural machinery,0.00000,EO30,0.00000,0.05517,0.08928,0.07939,Equipment,0.24848,0.24000,0.20453,0.61121,0.75370,0.72366,Other Industrial Equipment,0.00621,-0.01244,-0.00703,non-corporate,0.02296,0.02934,0.02749,0.00621,-0.01244,-0.00703,-0.19014,-0.20062,-0.19761
130,Other construction machinery,0.00000,EO40,0.00000,0.05517,0.08928,0.07939,Equipment,0.24848,0.24000,0.20453,0.61121,0.75370,0.72366,Other Industrial Equipment,0.00621,-0.01244,-0.00703,non-corporate,0.02296,0.02934,0.02749,0.00621,-0.01244,-0.00703,-0.15152,-0.16030,-0.15777
131,Mining and oilfield machinery,0.00000,EO50,0.00000,0.05517,0.08928,0.07939,Equipment,0.24848,0.24000,0.20453,0.61121,0.75370,0.72366,Other Industrial Equipment,0.00621,-0.01244,-0.00703,non-corporate,0.02296,0.02934,0.02749,0.00621,-0.01244,-0.00703,-0.15579,-0.16476,-0.16218
132,Steam engines,0.00000,EI21,0.00000,0.05517,0.08928,0.07939,Equipment,0.24848,0.24000,0.20453,0.61121,0.75370,0.72366,Transportation Equipment,0.00621,-0.01244,-0.00703,non-corporate,0.02296,0.02934,0.02749,0.00621,-0.01244,-0.00703,-0.34914,-0.36445,-0.36008
133,Internal combustion engines,0.00000,EI22,0.00000,0.05517,0.08928,0.07939,Equipment,0.24848,0.24000,0.20453,0.61121,0.75370,0.72366,Transportation Equipment,0.00621,-0.01244,-0.00703,non-corporate,0.02296,0.02934,0.02749,0.00621,-0.01244,-0.00703,-0.11830,-0.12544,-0.12338
134,Light trucks (including utility vehicles),0.00000,ET11,0.00000,0.05517,0.08928,0.07939,Equipment,0.24848,0.24000,0.20453,0.61121,0.75370,0.72366,Transportation Equipment,0.00621,-0.01244,-0.00703,non-corporate,0.02296,0.02934,0.02749,0.00621,-0.01244,-0.00703,-0.13828,-0.14642,-0.14407
135,"Other trucks, buses and truck trailers",0.00000,ET12,0.00000,0.05517,0.08928,0.07939,Equipment,0.24848,0.24000,0.20453,0.61121,0.75370,0.72366,Transportation Equipment,0.00621,-0.01244,-0.00703,non-corporate,0.02296,0.02934,0.02749,0.00621,-0.01244,-0.00703,-0.13828,-0.14642,-0.14407
136,Autos,0.00000,ET20,0.00000,0.05517,0.08928,0.07939,Equipment,0.24848,0.24000,0.20453,0.61121,0.75370,0.72366,Transportation Equipment,0.00621,-0.01244,-0.00703,non-corporate,0.02296,0.02934,0.02749,0.00621,-0.01244,-0.00703,-0.07668,-0.08154,-0.08013
137,Aircraft,0.00000,ET30,0.00000,0.05517,0.08928,0.07939,Equipment,0.24848,0.24000,0.20453,0.61121,0.75370,0.72366,Transportation Equipment,0.00621,-0.01244,-0.00703,non-corporate,0.02296,0.02934,0.02749,0.00621,-0.01244,-0.00703,-0.24370,-0.25621,-0.25262
138,Ships and boats,0.00000,ET40,0.00000,0.05517,0.08928,0.07939,Equipment,0.24848,0.24000,0.20453,0.61121,0.75370,0.72366,Transportation Equipment,0.00621,-0.01244,-0.00703,non-corporate,0.02296,0.02934,0.02749,0.00621,-0.01244,-0.00703,-0.31178,-0.32627,-0.32213
139,Railroad equipment,0.00000,ET50,0.00000,0.05517,0.08928,0.07939,Equipment,0.24848,0.24000,0.20453,0.61121,0.75370,0.72366,Transportation Equipment,0.00621,-0.01244,-0.00703,non-corporate,0.02296,0.02934,0.02749,0.00621,-0.01244,-0.00703,-0.31970,-0.33438,-0.33019
140,Theatrical movies,0.00000,AE10,0.00000,0.05517,0.08928,0.07939,Intellectual Property,0.24848,0.24000,0.20453,0.61121,0.75370,0.72366,Intellectual Property,0.00621,-0.01244,-0.00703,non-corporate,0.02296,0.02934,0.02749,0.00621,-0.01244,-0.00703,-0.22937,-0.24137,-0.23793
141,Long-lived television programs,0.00000,AE20,0.00000,0.05517,0.08928,0.07939,Intellectual Property,0.24848,0.24000,0.20453,0.61121,0.75370,0.72366,Intellectual Property,0.00621,-0.01244,-0.00703,non-corporate,0.02296,0.02934,0.02749,0.00621,-0.01244,-0.00703,-0.14146,-0.14975,-0.14736
142,Books,0.00000,AE30,0.00000,0.05517,0.08928,0.07939,Intellectual Property,0.24848,0.24000,0.20453,0.61121,0.75370,0.72366,Intellectual Property,0.00621,-0.01244,-0.00703,non-corporate,0.02296,0.02934,0.02749,0.00621,-0.01244,-0.00703,-0.18617,-0.19649,-0.19352
143,Music,0.00000,AE40,0.00000,0.05517,0.08928,0.07939,Intellectual Property,0.24848,0.24000,0.20453,0.61121,0.75370,0.72366,Intellectual Property,0.00621,-0.01244,-0.00703,non-corporate,0.02296,0.02934,0.02749,0.00621,-0.01244,-0.00703,-0.09393,-0.09976,-0.09808
144,Other entertainment originals,0.00000,AE50,0.00000,0.05517,0.08928,0.07939,Intellectual Property,0.24848,0.24000,0.20453,0.61121,0.75370,0.72366,Intellectual Property,0.00621,-0.01244,-0.00703,non-corporate,0.02296,0.02934,0.02749,0.00621,-0.01244,-0.00703,-0.20252,-0.21350,-0.21035
145,Own account software,0.00000,ENS3,0.00000,0.05517,0.08928,0.07939,Intellectual Property,0.24848,0.24000,0.20453,0.61121,0.75370,0.72366,Intellectual Property,0.00621,-0.01244,-0.00703,non-corporate,0.02296,0.02934,0.02749,0.00621,-0.01244,-0.00703,-0.07739,-0.08229,-0.08087
146,Pharmaceutical and medicine manufacturing,0.00000,RD11,0.00000,0.05517,0.08928,0.07939,Intellectual Property,0.24848,0.24000,0.20453,0.61121,0.75370,0.72366,Intellectual Property,0.00621,-0.01244,-0.00703,non-corporate,0.02296,0.02934,0.02749,0.00621,-0.01244,-0.00703,-0.21679,-0.22833,-0.22502
147,"Chemical manufacturing, ex. pharma and med",0.00000,RD12,0.00000,0.05517,0.08928,0.07939,Intellectual Property,0.24848,0.24000,0.20453,0.61121,0.75370,0.72366,Intellectual Property,0.00621,-0.01244,-0.00703,non-corporate,0.02296,0.02934,0.02749,0.00621,-0.01244,-0.00703,-0.14749,-0.15607,-0.15360
148,Computers and peripheral equipment manufacturing,0.00000,RD21,0.00000,0.05517,0.08928,0.07939,Intellectual Property,0.24848,0.24000,0.20453,0.61121,0.75370,0.72366,Intellectual Property,0.00621,-0.01244,-0.00703,non-corporate,0.02296,0.02934,0.02749,0.00621,-0.01244,-0.00703,-0.06472,-0.06888,-0.06768
149,Communications equipment manufacturing,0.00000,RD22,0.00000,0.05517,0.08928,0.07939,Intellectual Property,0.24848,0.24000,0.20453,0.61121,0.75370,0.72366,Intellectual Property,0.00621,-0.01244,-0.00703,non-corporate,0.02296,0.02934,0.02749,0.00621,-0.01244,-0.00703,-0.09299,-0.09877,-0.09710
150,Semiconductor and other component manufacturing,0.00000,RD23,0.00000,0.05517,0.08928,0.07939,Intellectual Property,0.24848,0.24000,0.20453,0.61121,0.75370,0.72366,Intellectual Property,0.00621,-0.01244,-0.00703,non-corporate,0.02296,0.02934,0.02749,0.00621,-0.01244,-0.00703,-0.09968,-0.10583,-0.10406
151,Navigational and other instruments manufacturing,0.00000,RD24,0.00000,0.05517,0.08928,0.07939,Intellectual Property,0.24848,0.24000,0.20453,0.61121,0.75370,0.72366,Intellectual Property,0.00621,-0.01244,-0.00703,non-corporate,0.02296,0.02934,0.02749,0.00621,-0.01244,-0.00703,-0.08713,-0.09258,-0.09101
152,"Other computer and electronic manufacturing, n.e.c.",0.00000,RD25,0.00000,0.05517,0.08928,0.07939,Intellectual Property,0.24848,0.24000,0.20453,0.61121,0.75370,0.72366,Intellectual Property,0.00621,-0.01244,-0.00703,non-corporate,0.02296,0.02934,0.02749,0.00621,-0.01244,-0.00703,-0.06472,-0.06888,-0.06768
153,Motor vehicles and parts manufacturing,0.00000,RD31,0.00000,0.05517,0.08928,0.07939,Intellectual Property,0.24848,0.24000,0.20453,0.61121,0.75370,0.72366,Intellectual Property,0.00621,-0.01244,-0.00703,non-corporate,0.02296,0.02934,0.02749,0.00621,-0.01244,-0.00703,-0.08197,-0.08713,-0.08564
154,Aerospace products and parts manufacturing,0.00000,RD32,0.00000,0.05517,0.08928,0.07939,Intellectual Property,0.24848,0.24000,0.20453,0.61121,0.75370,0.72366,Intellectual Property,0.00621,-0.01244,-0.00703,non-corporate,0.02296,0.02934,0.02749,0.00621,-0.01244,-0.00703,-0.11176,-0.11855,-0.11659
155,Software publishers,0.00000,RD40,0.00000,0.05517,0.08928,0.07939,Intellectual Property,0.24848,0.24000,0.20453,0.61121,0.75370,0.72366,Intellectual Property,0.00621,-0.01244,-0.00703,non-corporate,0.02296,0.02934,0.02749,0.00621,-0.01244,-0.00703,-0.11176,-0.11855,-0.11659
156,Financial and real estate services,0.00000,RD50,0.00000,0.05517,0.08928,0.07939,Intellectual Property,0.24848,0.24000,0.20453,0.61121,0.75370,0.72366,Intellectual Property,0.00621,-0.01244,-0.00703,non-corporate,0.02296,0.02934,0.02749,0.00621,-0.01244,-0.00703,-0.14749,-0.15607,-0.15360
157,Computer systems design and related services,0.00000,RD60,0.00000,0.05517,0.08928,0.07939,Intellectual Property,0.24848,0.24000,0.20453,0.61121,0.75370,0.72366,Intellectual Property,0.00621,-0.01244,-0.00703,non-corporate,0.02296,0.02934,0.02749,0.00621,-0.01244,-0.00703,-0.07140,-0.07595,-0.07463
158,Scientific research and development services,0.00000,RD70,0.00000,0.05517,0.08928,0.07939,Intellectual Property,0.24848,0.24000,0.20453,0.61121,0.75370,0.72366,Intellectual Property,0.00621,-0.01244,-0.00703,non-corporate,0.02296,0.02934,0.02749,0.00621,-0.01244,-0.00703,-0.14749,-0.15607,-0.15360
159,"All other nonmanufacturing, n.e.c.",0.00000,RD80,0.00000,0.05517,0.08928,0.07939,Intellectual Property,0.24848,0.24000,0.20453,0.61121,0.75370,0.72366,Intellectual Property,0.00621,-0.01244,-0.00703,non-corporate,0.02296,0.02934,0.02749,0.00621,-0.01244,-0.00703,-0.14749,-0.15607,-0.15360
160,Private universities and colleges,0.00000,RD91,0.00000,0.05517,0.08928,0.07939,Intellectual Property,0.24848,0.24000,0.20453,0.61121,0.75370,0.72366,Intellectual Property,0.00621,-0.01244,-0.00703,non-corporate,0.02296,0.02934,0.02749,0.00621,-0.01244,-0.00703,-0.14749,-0.15607,-0.15360
161,Other nonprofit institutions,0.00000,RD92,0.00000,0.05517,0.08928,0.07939,Intellectual Property,0.24848,0.24000,0.20453,0.61121,0.75370,0.72366,Intellectual Property,0.00621,-0.01244,-0.00703,non-corporate,0.02296,0.02934,0.02749,0.00621,-0.01244,-0.00703,-0.14749,-0.15607,-0.15360
162,Other manufacturing,0.00000,RDOM,0.00000,0.05517,0.08928,0.07939,Intellectual Property,0.24848,0.24000,0.20453,0.61121,0.75370,0.72366,Intellectual Property,0.00621,-0.01244,-0.00703,non-corporate,0.02296,0.02934,0.02749,0.00621,-0.01244,-0.00703,-0.14749,-0.15607,-0.15360
163,Inventories,0.00000,INV,0.00000,0.02672,0.03979,0.03598,Inventories,-0.02023,0.06891,0.01932,0.40544,0.53847,0.50996,Inventories,-0.00075,-0.02469,-0.01775,non-corporate,0.01600,0.01710,0.01677,-0.00075,-0.02469,-0.01775,0.00000,0.00000,0.00000
164,Land,0.00000,LAND,0.00000,0.02454,0.03718,0.03351,Land,-0.04695,0.03718,-0.01622,0.43128,0.55088,0.52527,Land,-0.00147,-0.02551,-0.01854,non-corporate,0.01528,0.01627,0.01598,-0.00147,-0.02551,-0.01854,0.00000,0.00000,0.00000
165,Petroleum and natural gas,0.00000,SM01,0.00000,0.05517,0.08928,0.07939,Structures,0.24848,0.24000,0.20453,0.61121,0.75370,0.72366,Mining and Drilling Structures,0.00621,-0.01244,-0.00703,non-corporate,0.02296,0.02934,0.02749,0.00621,-0.01244,-0.00703,-0.26931,-0.28264,-0.27882
166,Mining,0.00000,SM02,0.00000,0.05517,0.08928,0.07939,Structures,0.24848,0.24000,0.20453,0.61121,0.75370,0.72366,Mining and Drilling Structures,0.00621,-0.01244,-0.00703,non-corporate,0.02296,0.02934,0.02749,0.00621,-0.01244,-0.00703,-0.38085,-0.39669,-0.39218
167,Communication,0.00000,SU20,0.00000,0.05517,0.08928,0.07939,Structures,0.24848,0.24000,0.20453,0.61121,0.75370,0.72366,Mining and Drilling Structures,0.00621,-0.01244,-0.00703,non-corporate,0.02296,0.02934,0.02749,0.00621,-0.01244,-0.00703,-0.53873,-0.55526,-0.55059
168,Gas,0.00000,SU40,0.00000,0.05517,0.08928,0.07939,Structures,0.24848,0.24000,0.20453,0.61121,0.75370,0.72366,Mining and Drilling Structures,0.00621,-0.01244,-0.00703,non-corporate,0.02296,0.02934,0.02749,0.00621,-0.01244,-0.00703,-0.26931,-0.28264,-0.27882
169,Petroleum pipelines,0.00000,SU50,0.00000,0.05517,0.08928,0.07939,Structures,0.24848,0.24000,0.20453,0.61121,0.75370,0.72366,Mining and Drilling Structures,0.00621,-0.01244,-0.00703,non-corporate,0.02296,0.02934,0.02749,0.00621,-0.01244,-0.00703,-0.53873,-0.55526,-0.55059
170,Religious,0.00000,SB10,0.00000,0.03046,0.04764,0.04284,Structures,0.00049,0.07103,0.02111,0.46017,0.58474,0.55882,Nonresidential Buildings,0.00001,-0.02289,-0.01620,non-corporate,0.01676,0.01890,0.01832,0.00001,-0.02289,-0.01620,-0.09842,-0.02644,-0.04424
171,Educational and vocational,0.00000,SB20,0.00000,0.02614,0.04104,0.03688,Structures,-0.03448,0.04935,-0.00310,0.43888,0.56305,0.53705,Nonresidential Buildings,-0.00107,-0.02455,-0.01770,non-corporate,0.01568,0.01724,0.01683,-0.00107,-0.02455,-0.01770,-0.01143,0.06633,0.04756
172,Hospitals,0.00000,SB31,0.00000,0.02614,0.04104,0.03688,Structures,-0.03448,0.04935,-0.00310,0.43888,0.56305,0.53705,Nonresidential Buildings,-0.00107,-0.02455,-0.01770,non-corporate,0.01568,0.01724,0.01683,-0.00107,-0.02455,-0.01770,-0.01143,0.06633,0.04756
173,Special care,0.00000,SB32,0.00000,0.02614,0.04104,0.03688,Structures,-0.03448,0.04935,-0.00310,0.43888,0.56305,0.53705,Nonresidential Buildings,-0.00107,-0.02455,-0.01770,non-corporate,0.01568,0.01724,0.01683,-0.00107,-0.02455,-0.01770,-0.01143,0.06633,0.04756
174,Lodging,0.00000,SB41,0.00000,0.02063,0.03465,0.03071,Structures,-0.07621,0.02940,-0.02685,0.41346,0.54311,0.51572,Nonresidential Buildings,-0.00245,-0.02615,-0.01925,non-corporate,0.01430,0.01564,0.01528,-0.00245,-0.02615,-0.01925,0.08786,0.16491,0.14636
175,Air transportation,0.00000,SB43,0.00000,0.02324,0.03767,0.03363,Structures,-0.05684,0.03872,-0.01578,0.42526,0.55242,0.52567,Nonresidential Buildings,-0.00180,-0.02539,-0.01851,non-corporate,0.01495,0.01640,0.01601,-0.00180,-0.02539,-0.01851,0.04537,0.12256,0.10396
176,Other transportation,0.00000,SB45,0.00000,0.02324,0.03767,0.03363,Structures,-0.05684,0.03872,-0.01578,0.42526,0.55242,0.52567,Nonresidential Buildings,-0.00180,-0.02539,-0.01851,non-corporate,0.01495,0.01640,0.01601,-0.00180,-0.02539,-0.01851,0.04537,0.12256,0.10396
177,Warehouses,0.00000,SC01,0.00000,0.02395,0.03850,0.03442,Structures,-0.05144,0.04129,-0.01271,0.42854,0.55500,0.52842,Nonresidential Buildings,-0.00162,-0.02518,-0.01831,non-corporate,0.01513,0.01660,0.01621,-0.00162,-0.02518,-0.01831,0.03249,0.10977,0.09114
178,Other commercial,0.00000,SC02,0.00000,0.02176,0.03595,0.03197,Structures,-0.06793,0.03340,-0.02210,0.41851,0.54710,0.51998,Nonresidential Buildings,-0.00217,-0.02582,-0.01893,non-corporate,0.01458,0.01597,0.01560,-0.00217,-0.02582,-0.01893,0.07037,0.14744,0.12888
179,Multimerchandise shopping,0.00000,SC03,0.00000,0.02176,0.03595,0.03197,Structures,-0.06793,0.03340,-0.02210,0.41851,0.54710,0.51998,Nonresidential Buildings,-0.00217,-0.02582,-0.01893,non-corporate,0.01458,0.01597,0.01560,-0.00217,-0.02582,-0.01893,0.07037,0.14744,0.12888
180,Food and beverage establishments,0.00000,SC04,0.00000,0.02176,0.03595,0.03197,Structures,-0.06793,0.03340,-0.02210,0.41851,0.54710,0.51998,Nonresidential Buildings,-0.00217,-0.02582,-0.01893,non-corporate,0.01458,0.01597,0.01560,-0.00217,-0.02582,-0.01893,0.07037,0.14744,0.12888
181,Manufacturing,0.00000,SI00,0.00000,0.01868,0.03238,0.02852,Structures,-0.09031,0.02256,-0.03497,0.40487,0.53626,0.50842,Nonresidential Buildings,-0.00294,-0.02672,-0.01980,non-corporate,0.01381,0.01507,0.01473,-0.00294,-0.02672,-0.01980,0.11558,0.19266,0.17411
182,Public safety,0.00000,SO03,0.00000,0.02324,0.03767,0.03363,Structures,-0.05684,0.03872,-0.01578,0.42526,0.55242,0.52567,Nonresidential Buildings,-0.00180,-0.02539,-0.01851,non-corporate,0.01495,0.01640,0.01601,-0.00180,-0.02539,-0.01851,0.04537,0.12256,0.10396
183,Office,0.00000,SOO1,0.00000,0.02265,0.03698,0.03296,Structures,-0.06130,0.03658,-0.01832,0.42254,0.55028,0.52338,Nonresidential Buildings,-0.00195,-0.02556,-0.01868,non-corporate,0.01480,0.01622,0.01585,-0.00195,-0.02556,-0.01868,0.05565,0.13279,0.11421
184,Medical buildings,0.00000,SOO2,0.00000,0.02265,0.03698,0.03296,Structures,-0.06130,0.03658,-0.01832,0.42254,0.55028,0.52338,Nonresidential Buildings,-0.00195,-0.02556,-0.01868,non-corporate,0.01480,0.01622,0.01585,-0.00195,-0.02556,-0.01868,0.05565,0.13279,0.11421
185,Amusement and recreation,0.00000,SB42,0.00000,0.05517,0.08928,0.07939,Structures,0.24848,0.24000,0.20453,0.61121,0.75370,0.72366,Other Structures,0.00621,-0.01244,-0.00703,non-corporate,0.02296,0.02934,0.02749,0.00621,-0.01244,-0.00703,-0.47989,-0.49655,-0.49183
186,Local transit structures,0.00000,SB44,0.00000,0.02324,0.03767,0.03363,Structures,-0.05684,0.03872,-0.01578,0.42526,0.55242,0.52567,Other Structures,-0.00180,-0.02539,-0.01851,non-corporate,0.01495,0.01640,0.01601,-0.00180,-0.02539,-0.01851,0.04537,0.12256,0.10396
187,Other land transportation,0.00000,SB46,0.00000,0.05517,0.08928,0.07939,Structures,0.24848,0.24000,0.20453,0.61121,0.75370,0.72366,Other Structures,0.00621,-0.01244,-0.00703,non-corporate,0.02296,0.02934,0.02749,0.00621,-0.01244,-0.00703,-0.53873,-0.55526,-0.55059
188,Farm,0.00000,SN00,0.00000,0.05517,0.08928,0.07939,Structures,0.24848,0.24000,0.20453,0.61121,0.75370,0.72366,Other Structures,0.00621,-0.01244,-0.00703,non-corporate,0.02296,0.02934,0.02749,0.00621,-0.01244,-0.00703,-0.53664,-0.55318,-0.54851
189,Water supply,0.00000,SO01,0.00000,0.05517,0.08928,0.07939,Structures,0.24848,0.24000,0.20453,0.61121,0.75370,0.72366,Other Structures,0.00621,-0.01244,-0.00703,non-corporate,0.02296,0.02934,0.02749,0.00621,-0.01244,-0.00703,-0.55161,-0.56805,-0.56341
190,Sewage and waste disposal,0.00000,SO02,0.00000,0.05517,0.08928,0.07939,Structures,0.24848,0.24000,0.20453,0.61121,0.75370,0.72366,Other Structures,0.00621,-0.01244,-0.00703,non-corporate,0.02296,0.02934,0.02749,0.00621,-0.01244,-0.00703,-0.55161,-0.56805,-0.56341
191,Highway and conservation and development,0.00000,SO04,0.00000,0.05517,0.08928,0.07939,Structures,0.24848,0.24000,0.20453,0.61121,0.75370,0.72366,Other Structures,0.00621,-0.01244,-0.00703,non-corporate,0.02296,0.02934,0.02749,0.00621,-0.01244,-0.00703,-0.55161,-0.56805,-0.56341
192,Mobile structures,0.00000,SOMO,0.00000,0.05517,0.08928,0.07939,Structures,0.24848,0.24000,0.20453,0.61121,0.75370,0.72366,Other Structures,0.00621,-0.01244,-0.00703,non-corporate,0.02296,0.02934,0.02749,0.00621,-0.01244,-0.00703,-0.33237,-0.34733,-0.34306
193,Other railroad,0.00000,SU11,0.00000,0.05517,0.08928,0.07939,Structures,0.24848,0.24000,0.20453,0.61121,0.75370,0.72366,Other Structures,0.00621,-0.01244,-0.00703,non-corporate,0.02296,0.02934,0.02749,0.00621,-0.01244,-0.00703,-0.61131,-0.62703,-0.62260
194,Track replacement,0.00000,SU12,0.00000,0.05517,0.08928,0.07939,Structures,0.24848,0.24000,0.20453,0.61121,0.75370,0.72366,Other Structures,0.00621,-0.01244,-0.00703,non-corporate,0.02296,0.02934,0.02749,0.00621,-0.01244,-0.00703,-0.52644,-0.54303,-0.53834
195,Electric,0.00000,SU30,0.00000,0.05517,0.08928,0.07939,Structures,0.24848,0.24000,0.20453,0.61121,0.75370,0.72366,Other Structures,0.00621,-0.01244,-0.00703,non-corporate,0.02296,0.02934,0.02749,0.00621,-0.01244,-0.00703,-0.56745,-0.58374,-0.57914
196,Wind and solar,0.00000,SU60,0.00000,0.05517,0.08928,0.07939,Structures,0.24848,0.24000,0.20453,0.61121,0.75370,0.72366,Other Structures,0.00621,-0.01244,-0.00703,non-corporate,0.02296,0.02934,0.02749,0.00621,-0.01244,-0.00703,-0.47741,-0.49406,-0.48934
197,Residential,0.00000,RES,0.00000,0.03251,0.04958,0.04487,Structures,0.01779,0.07763,0.02964,0.47071,0.59133,0.56648,Residential Buildings,0.00053,-0.02240,-0.01569,non-corporate,0.01728,0.01938,0.01883,0.00053,-0.02240,-0.01569,-0.14892,-0.06633,-0.08723
198,Computers and Software,0.00000,,0.00000,0.13612,0.20090,0.18017,Equipment,0.20485,0.35000,0.33981,0.61212,0.55420,0.56729,Computers and Software,0.00582,0.03123,0.02310,corporate,0.02369,0.05302,0.04363,0.00582,0.03123,0.02310,-0.05923,-0.12730,-0.10665
199,Industrial Machinery,0.00000,,0.00000,0.13612,0.20090,0.18017,Equipment,0.20485,0.35000,0.33981,0.61212,0.55420,0.56729,Industrial Machinery,0.00582,0.03123,0.02310,corporate,0.02369,0.05302,0.04363,0.00582,0.03123,0.02310,-0.19109,-0.35438,-0.30980
200,Instruments and Communications Equipment,0.00000,,0.00000,0.13612,0.20090,0.18017,Equipment,0.20485,0.35000,0.33981,0.61212,0.55420,0.56729,Instruments and Communications Equipment,0.00582,0.03123,0.02310,corporate,0.02369,0.05302,0.04363,0.00582,0.03123,0.02310,-0.16904,-0.32046,-0.27844
201,Intellectual Property,0.00000,,0.00000,0.13612,0.20090,0.18017,Intellectual Property,0.20485,0.35000,0.33981,0.61212,0.55420,0.56729,Intellectual Property,0.00582,0.03123,0.02310,corporate,0.02369,0.05302,0.04363,0.00582,0.03123,0.02310,-0.14315,-0.27513,-0.23802
204,Mining and Drilling Structures,0.00000,,0.00000,0.13612,0.20090,0.18017,Structures,0.20485,0.35000,0.33981,0.61212,0.55420,0.56729,Mining and Drilling Structures,0.00582,0.03123,0.02310,corporate,0.02369,0.05302,0.04363,0.00582,0.03123,0.02310,-0.33739,-0.52785,-0.48089
205,Nonresidential Buildings,0.00000,,0.00000,0.09978,0.13961,0.12704,Structures,-0.09264,0.13894,0.11179,0.39892,0.36724,0.37546,Nonresidential Buildings,-0.00338,0.01571,0.00965,corporate,0.01449,0.03750,0.03018,-0.00338,0.01571,0.00965,0.09773,0.00256,0.01878
206,Office and Residential Equipment,0.00000,,0.00000,0.13612,0.20090,0.18017,Equipment,0.20485,0.35000,0.33981,0.61212,0.55420,0.56729,Office and Residential Equipment,0.00582,0.03123,0.02310,corporate,0.02369,0.05302,0.04363,0.00582,0.03123,0.02310,-0.17328,-0.32745,-0.28478
207,Other Equipment,0.00000,,0.00000,0.13612,0.20090,0.18017,Equipment,0.20485,0.35000,0.33981,0.61212,0.55420,0.56729,Other Equipment,0.00582,0.03123,0.02310,corporate,0.02369,0.05302,0.04363,0.00582,0.03123,0.02310,-0.14231,-0.27820,-0.23966
208,Other Industrial Equipment,0.00000,,0.00000,0.13612,0.20090,0.18017,Equipment,0.20485,0.35000,0.33981,0.61212,0.55420,0.56729,Other Industrial Equipment,0.00582,0.03123,0.02310,corporate,0.02369,0.05302,0.04363,0.00582,0.03123,0.02310,-0.23307,-0.40420,-0.35924
209,Other Structures,0.00000,,0.00000,0.13595,0.20060,0.17991,Structures,0.20303,0.34870,0.33841,0.61081,0.55305,0.56611,Other Structures,0.00578,0.03116,0.02304,corporate,0.02365,0.05294,0.04357,0.00578,0.03116,0.02304,-0.52157,-0.71498,-0.67291
210,Residential Buildings,0.00000,,0.00000,0.11082,0.15384,0.14041,Structures,-0.01709,0.17961,0.15952,0.45306,0.40326,0.41561,Residential Buildings,-0.00058,0.01932,0.01303,corporate,0.01729,0.04111,0.03357,-0.00058,0.01932,0.01303,-0.11186,-0.17743,-0.17179
211,Transportation Equipment,0.00000,,0.00000,0.13612,0.20090,0.18017,Equipment,0.20485,0.35000,0.33981,0.61212,0.55420,0.56729,Transportation Equipment,0.00582,0.03123,0.02310,corporate,0.02369,0.05302,0.04363,0.00582,0.03123,0.02310,-0.19432,-0.34765,-0.30646
212,Computers and Software,0.00000,,0.00000,0.05517,0.08928,0.07939,Equipment,0.24848,0.24000,0.20453,0.61121,0.75370,0.72366,Computers and Software,0.00621,-0.01244,-0.00703,non-corporate,0.02296,0.02934,0.02749,0.00621,-0.01244,-0.00703,-0.06453,-0.06866,-0.06746
213,Industrial Machinery,0.00000,,0.00000,0.05517,0.08928,0.07939,Equipment,0.24848,0.24000,0.20453,0.61121,0.75370,0.72366,Industrial Machinery,0.00621,-0.01244,-0.00703,non-corporate,0.02296,0.02934,0.02749,0.00621,-0.01244,-0.00703,-0.20733,-0.21851,-0.21530
214,Instruments and Communications Equipment,0.00000,,0.00000,0.05517,0.08928,0.07939,Equipment,0.24848,0.24000,0.20453,0.61121,0.75370,0.72366,Instruments and Communications Equipment,0.00621,-0.01244,-0.00703,non-corporate,0.02296,0.02934,0.02749,0.00621,-0.01244,-0.00703,-0.17624,-0.18611,-0.18327
215,Intellectual Property,0.00000,,0.00000,0.05517,0.08928,0.07939,Intellectual Property,0.24848,0.24000,0.20453,0.61121,0.75370,0.72366,Intellectual Property,0.00621,-0.01244,-0.00703,non-corporate,0.02296,0.02934,0.02749,0.00621,-0.01244,-0.00703,-0.14840,-0.15685,-0.15442
218,Mining and Drilling Structures,0.00000,,0.00000,0.05517,0.08928,0.07939,Structures,0.24848,0.24000,0.20453,0.61121,0.75370,0.72366,Mining and Drilling Structures,0.00621,-0.01244,-0.00703,non-corporate,0.02296,0.02934,0.02749,0.00621,-0.01244,-0.00703,-0.33545,-0.34962,-0.34558
219,Nonresidential Buildings,0.00000,,0.00000,0.02317,0.03770,0.03363,Structures,-0.05735,0.03882,-0.01577,0.42495,0.55252,0.52567,Nonresidential Buildings,-0.00181,-0.02538,-0.01851,non-corporate,0.01493,0.01640,0.01601,-0.00181,-0.02538,-0.01851,0.04240,0.11929,0.10073
220,Office and Residential Equipment,0.00000,,0.00000,0.05517,0.08928,0.07939,Equipment,0.24848,0.24000,0.20453,0.61121,0.75370,0.72366,Office and Residential Equipment,0.00621,-0.01244,-0.00703,non-corporate,0.02296,0.02934,0.02749,0.00621,-0.01244,-0.00703,-0.18741,-0.19777,-0.19480
221,Other Equipment,0.00000,,0.00000,0.05517,0.08928,0.07939,Equipment,0.24848,0.24000,0.20453,0.61121,0.75370,0.72366,Other Equipment,0.00621,-0.01244,-0.00703,non-corporate,0.02296,0.02934,0.02749,0.00621,-0.01244,-0.00703,-0.15583,-0.16481,-0.16222
222,Other Industrial Equipment,0.00000,,0.00000,0.05517,0.08928,0.07939,Equipment,0.24848,0.24000,0.20453,0.61121,0.75370,0.72366,Other Industrial Equipment,0.00621,-0.01244,-0.00703,non-corporate,0.02296,0.02934,0.02749,0.00621,-0.01244,-0.00703,-0.19754,-0.20804,-0.20503
223,Other Structures,0.00000,,0.00000,0.05503,0.08904,0.07918,Structures,0.24673,0.23886,0.20328,0.61015,0.75256,0.72253,Other Structures,0.00618,-0.01250,-0.00708,non-corporate,0.02293,0.02929,0.02744,0.00618,-0.01250,-0.00708,-0.52428,-0.54034,-0.53579
224,Residential Buildings,0.00000,,0.00000,0.03251,0.04958,0.04487,Structures,0.01779,0.07763,0.02964,0.47071,0.59133,0.56648,Residential Buildings,0.00053,-0.02240,-0.01569,non-corporate,0.01728,0.01938,0.01883,0.00053,-0.02240,-0.01569,-0.14892,-0.06633,-0.08723
225,Transportation Equipment,0.00000,,0.00000,0.05517,0.08928,0.07939,Equipment,0.24848,0.24000,0.20453,0.61121,0.75370,0.72366,Transportation Equipment,0.00621,-0.01244,-0.00703,non-corporate,0.02296,0.02934,0.02749,0.00621,-0.01244,-0.00703,-0.18798,-0.19790,-0.19505
226,Equipment,0.00000,,0.00000,0.13612,0.20090,0.18017,Equipment,0.20485,0.35000,0.33981,0.61212,0.55420,0.56729,Equipment,0.00582,0.03123,0.02310,corporate,0.02369,0.05302,0.04363,0.00582,0.03123,0.02310,-0.18146,-0.33152,-0.29066
230,Structures,0.00000,,0.00000,0.11661,0.16783,0.15155,Structures,0.02701,0.22387,0.20361,0.48467,0.44247,0.45271,Structures,0.00088,0.02286,0.01585,corporate,0.01875,0.04465,0.03639,0.00088,0.02286,0.01585,-0.14570,-0.28353,-0.25481
231,Equipment,0.00000,,0.00000,0.05517,0.08928,0.07939,Equipment,0.24848,0.24000,0.20453,0.61121,0.75370,0.72366,Equipment,0.00621,-0.01244,-0.00703,non-corporate,0.02296,0.02934,0.02749,0.00621,-0.01244,-0.00703,-0.17573,-0.18535,-0.18259
235,Structures,0.00000,,0.00000,0.03140,0.05017,0.04487,Structures,0.00831,0.07966,0.02964,0.46494,0.59337,0.56648,Structures,0.00025,-0.02225,-0.01569,non-corporate,0.01700,0.01953,0.01883,0.00025,-0.02225,-0.01569,-0.09739,-0.03618,-0.05107
236,Overall,0.00000,,0.00000,0.11953,0.17154,0.15495,Overall,0.05201,0.23472,0.21623,0.49690,0.45089,0.46159,Overall,0.00171,0.02388,0.01680,corporate,0.01958,0.04566,0.03733,0.00171,0.02388,0.01680,-0.11676,-0.22206,-0.19716
237,Overall,0.00000,,0.00000,0.03028,0.04728,0.04239,Overall,-0.00076,0.07110,0.02063,0.45697,0.58225,0.55565,Overall,-0.00002,-0.02297,-0.01631,non-corporate,0.01673,0.01882,0.01822,-0.00002,-0.02297,-0.01631,-0.04885,-0.03181,-0.03590
