,index,asset_name,assets,bea_asset_code,delta,eatr_d,eatr_e,eatr_mix,major_asset_group,metr_d,metr_e,metr_mix,mettr_d,mettr_e,mettr_mix,minor_asset_group,rho_d,rho_e,rho_mix,tax_treat,tax_wedge_d,tax_wedge_e,tax_wedge_mix,ucc_d,ucc_e,ucc_mix,z_d,z_e,z_mix
0,0,Prepackaged software,72268924053.12727,ENS1,0.55000,0.25480,0.35000,0.31954,Equipment,-0.14583,0.35000,0.26650,0.64416,0.66840,0.66432,Computers and Software,0.03840,0.08923,0.07296,corporate,0.02474,0.05964,0.04847,0.58840,0.63923,0.62296,0.95659,0.90461,0.92061
1,1,Custom software,197240164684.60291,ENS2,0.33000,0.25480,0.35000,0.31954,Equipment,-0.14583,0.35000,0.26650,0.64416,0.66840,0.66432,Computers and Software,0.03840,0.08923,0.07296,corporate,0.02474,0.05964,0.04847,0.36840,0.41923,0.40296,0.92968,0.85052,0.87434
2,2,Mainframes,17413293618.87355,EP1A,0.46330,0.25480,0.35000,0.31954,Equipment,-0.14583,0.35000,0.26650,0.64416,0.66840,0.66432,Computers and Software,0.03840,0.08923,0.07296,corporate,0.02474,0.05964,0.04847,0.50170,0.55253,0.53626,0.94888,0.88874,0.90714
3,3,PCs,53550810953.45985,EP1B,0.46330,0.25480,0.35000,0.31954,Equipment,-0.14583,0.35000,0.26650,0.64416,0.66840,0.66432,Computers and Software,0.03840,0.08923,0.07296,corporate,0.02474,0.05964,0.04847,0.50170,0.55253,0.53626,0.94888,0.88874,0.90714
4,4,DASDs,0.00000,EP1C,0.46330,0.25480,0.35000,0.31954,Equipment,-0.14583,0.35000,0.26650,0.64416,0.66840,0.66432,Computers and Software,0.03840,0.08923,0.07296,corporate,0.02474,0.05964,0.04847,0.50170,0.55253,0.53626,0.94888,0.88874,0.90714
5,5,Printers,9260043910.94578,EP1D,0.46330,0.25480,0.35000,0.31954,Equipment,-0.14583,0.35000,0.26650,0.64416,0.66840,0.66432,Computers and Software,0.03840,0.08923,0.07296,corporate,0.02474,0.05964,0.04847,0.50170,0.55253,0.53626,0.94888,0.88874,0.90714
6,6,Terminals,12396994619.05792,EP1E,0.46330,0.25480,0.35000,0.31954,Equipment,-0.14583,0.35000,0.26650,0.64416,0.66840,0.66432,Computers and Software,0.03840,0.08923,0.07296,corporate,0.02474,0.05964,0.04847,0.50170,0.55253,0.53626,0.94888,0.88874,0.90714
7,7,Tape drives,0.00000,EP1F,0.46330,0.25480,0.35000,0.31954,Equipment,-0.14583,0.35000,0.26650,0.64416,0.66840,0.66432,Computers and Software,0.03840,0.08923,0.07296,corporate,0.02474,0.05964,0.04847,0.50170,0.55253,0.53626,0.94888,0.88874,0.90714
8,8,Storage devices,7998988409.10011,EP1G,0.46330,0.25480,0.35000,0.31954,Equipment,-0.14583,0.35000,0.26650,0.64416,0.66840,0.66432,Computers and Software,0.03840,0.08923,0.07296,corporate,0.02474,0.05964,0.04847,0.50170,0.55253,0.53626,0.94888,0.88874,0.90714
9,9,System integrators,28310184524.93624,EP1H,0.46330,0.25480,0.35000,0.31954,Equipment,-0.14583,0.35000,0.26650,0.64416,0.66840,0.66432,Computers and Software,0.03840,0.08923,0.07296,corporate,0.02474,0.05964,0.04847,0.50170,0.55253,0.53626,0.94888,0.88874,0.90714
10,10,Special industrial machinery,277678587240.98022,EI40,0.10310,0.25480,0.35000,0.31954,Equipment,-0.14583,0.35000,0.26650,0.64416,0.66840,0.66432,Industrial Machinery,0.03840,0.08923,0.07296,corporate,0.02474,0.05964,0.04847,0.14150,0.19233,0.17606,0.80509,0.63998,0.68493
11,11,General industrial equipment,476419502162.85541,EI50,0.10720,0.25480,0.35000,0.31954,Equipment,-0.14583,0.35000,0.26650,0.64416,0.66840,0.66432,Industrial Machinery,0.03840,0.08923,0.07296,corporate,0.02474,0.05964,0.04847,0.14560,0.19643,0.18016,0.81114,0.64891,0.69328
12,12,Office and accounting equipment,7268611167.04590,EP12,0.31190,0.25480,0.35000,0.31954,Equipment,-0.14583,0.35000,0.26650,0.64416,0.66840,0.66432,Instruments and Communications Equipment,0.03840,0.08923,0.07296,corporate,0.02474,0.05964,0.04847,0.35030,0.40113,0.38486,0.92590,0.84320,0.86801
13,13,Communications,498336136105.87726,EP20,0.11290,0.25480,0.35000,0.31954,Equipment,-0.14583,0.35000,0.26650,0.64416,0.66840,0.66432,Instruments and Communications Equipment,0.03840,0.08923,0.07296,corporate,0.02474,0.05964,0.04847,0.15130,0.20213,0.18586,0.81895,0.66062,0.70418
14,14,Photocopy and related equipment,25020946205.02676,EP31,0.18000,0.25480,0.35000,0.31954,Equipment,-0.14583,0.35000,0.26650,0.64416,0.66840,0.66432,Instruments and Communications Equipment,0.03840,0.08923,0.07296,corporate,0.02474,0.05964,0.04847,0.21840,0.26923,0.25296,0.87822,0.75630,0.79146
15,15,Nonelectro medical instruments,133227504586.31784,EP34,0.13500,0.25480,0.35000,0.31954,Equipment,-0.14583,0.35000,0.26650,0.64416,0.66840,0.66432,Instruments and Communications Equipment,0.03840,0.08923,0.07296,corporate,0.02474,0.05964,0.04847,0.17340,0.22423,0.20796,0.84396,0.69948,0.74002
16,16,Electro medical instruments,75049828223.00996,EP35,0.13500,0.25480,0.35000,0.31954,Equipment,-0.14583,0.35000,0.26650,0.64416,0.66840,0.66432,Instruments and Communications Equipment,0.03840,0.08923,0.07296,corporate,0.02474,0.05964,0.04847,0.17340,0.22423,0.20796,0.84396,0.69948,0.74002
17,17,Nonmedical instruments,108363933017.88855,EP36,0.13500,0.25480,0.35000,0.31954,Equipment,-0.14583,0.35000,0.26650,0.64416,0.66840,0.66432,Instruments and Communications Equipment,0.03840,0.08923,0.07296,corporate,0.02474,0.05964,0.04847,0.17340,0.22423,0.20796,0.84396,0.69948,0.74002
18,18,Household furniture,8900871527.04918,EO11,0.13750,0.25480,0.35000,0.31954,Equipment,-0.14583,0.35000,0.26650,0.64416,0.66840,0.66432,Office and Residential Equipment,0.03840,0.08923,0.07296,corporate,0.02474,0.05964,0.04847,0.17590,0.22673,0.21046,0.84636,0.70332,0.74354
19,19,Other furniture,201600171016.62607,EO12,0.11790,0.25480,0.35000,0.31954,Equipment,-0.14583,0.35000,0.26650,0.64416,0.66840,0.66432,Office and Residential Equipment,0.03840,0.08923,0.07296,corporate,0.02474,0.05964,0.04847,0.15630,0.20713,0.19086,0.82528,0.67027,0.71313
20,20,Household appliances,2759304252.24404,EO71,0.16500,0.25480,0.35000,0.31954,Equipment,-0.14583,0.35000,0.26650,0.64416,0.66840,0.66432,Office and Residential Equipment,0.03840,0.08923,0.07296,corporate,0.02474,0.05964,0.04847,0.20340,0.25423,0.23796,0.86860,0.73991,0.77674
21,21,Service industry machinery,100661650545.77032,EO60,0.15280,0.25480,0.35000,0.31954,Equipment,-0.14583,0.35000,0.26650,0.64416,0.66840,0.66432,Other Equipment,0.03840,0.08923,0.07296,corporate,0.02474,0.05964,0.04847,0.19120,0.24203,0.22576,0.85959,0.72486,0.76313
22,22,Other electrical,16821590673.30212,EO72,0.18340,0.25480,0.35000,0.31954,Equipment,-0.14583,0.35000,0.26650,0.64416,0.66840,0.66432,Other Equipment,0.03840,0.08923,0.07296,corporate,0.02474,0.05964,0.04847,0.22180,0.27263,0.25636,0.88021,0.75973,0.79453
23,23,Other,219586535061.53326,EO80,0.14730,0.25480,0.35000,0.31954,Equipment,-0.14583,0.35000,0.26650,0.64416,0.66840,0.66432,Other Equipment,0.03840,0.08923,0.07296,corporate,0.02474,0.05964,0.04847,0.18570,0.23653,0.22026,0.85510,0.71749,0.75644
24,24,Nuclear fuel,6455272412.79992,EI11,0.25000,0.25480,0.35000,0.31954,Equipment,-0.14583,0.35000,0.26650,0.64416,0.66840,0.66432,Other Industrial Equipment,0.03840,0.08923,0.07296,corporate,0.02474,0.05964,0.04847,0.28840,0.33923,0.32296,0.90922,0.81169,0.84054
25,25,Other fabricated metals,117546642593.84708,EI12,0.09170,0.25480,0.35000,0.31954,Equipment,-0.14583,0.35000,0.26650,0.64416,0.66840,0.66432,Other Industrial Equipment,0.03840,0.08923,0.07296,corporate,0.02474,0.05964,0.04847,0.13010,0.18093,0.16466,0.78604,0.61256,0.65911
26,26,Metalworking machinery,218890188220.55261,EI30,0.12250,0.25480,0.35000,0.31954,Equipment,-0.14583,0.35000,0.26650,0.64416,0.66840,0.66432,Other Industrial Equipment,0.03840,0.08923,0.07296,corporate,0.02474,0.05964,0.04847,0.16090,0.21173,0.19546,0.83073,0.67867,0.72090
27,27,Electric transmission and distribution,423453244425.71625,EI60,0.05000,0.25480,0.35000,0.31954,Equipment,-0.14583,0.35000,0.26650,0.64416,0.66840,0.66432,Other Industrial Equipment,0.03840,0.08923,0.07296,corporate,0.02474,0.05964,0.04847,0.08840,0.13923,0.12296,0.66702,0.46296,0.51320
28,28,Farm tractors,24563500688.93158,EO21,0.14520,0.25480,0.35000,0.31954,Equipment,-0.14583,0.35000,0.26650,0.64416,0.66840,0.66432,Other Industrial Equipment,0.03840,0.08923,0.07296,corporate,0.02474,0.05964,0.04847,0.18360,0.23443,0.21816,0.85331,0.71457,0.75379
29,29,Construction tractors,9895536359.50878,EO22,0.16330,0.25480,0.35000,0.31954,Equipment,-0.14583,0.35000,0.26650,0.64416,0.66840,0.66432,Other Industrial Equipment,0.03840,0.08923,0.07296,corporate,0.02474,0.05964,0.04847,0.20170,0.25253,0.23626,0.86742,0.73791,0.77494
30,30,Other agricultural machinery,46750113837.50497,EO30,0.11790,0.25480,0.35000,0.31954,Equipment,-0.14583,0.35000,0.26650,0.64416,0.66840,0.66432,Other Industrial Equipment,0.03840,0.08923,0.07296,corporate,0.02474,0.05964,0.04847,0.15630,0.20713,0.19086,0.82528,0.67027,0.71313
31,31,Other construction machinery,123582273309.20981,EO40,0.15500,0.25480,0.35000,0.31954,Equipment,-0.14583,0.35000,0.26650,0.64416,0.66840,0.66432,Other Industrial Equipment,0.03840,0.08923,0.07296,corporate,0.02474,0.05964,0.04847,0.19340,0.24423,0.22796,0.86130,0.72770,0.76571
32,32,Mining and oilfield machinery,84858812350.85155,EO50,0.15000,0.25480,0.35000,0.31954,Equipment,-0.14583,0.35000,0.26650,0.64416,0.66840,0.66432,Other Industrial Equipment,0.03840,0.08923,0.07296,corporate,0.02474,0.05964,0.04847,0.18840,0.23923,0.22296,0.85734,0.72115,0.75977
33,33,Steam engines,91645013950.24467,EI21,0.05160,0.25480,0.35000,0.31954,Equipment,-0.14583,0.35000,0.26650,0.64416,0.66840,0.66432,Transportation Equipment,0.03840,0.08923,0.07296,corporate,0.02474,0.05964,0.04847,0.09000,0.14083,0.12456,0.67398,0.47080,0.52107
34,34,Internal combustion engines,12363020746.35256,EI22,0.20630,0.25480,0.35000,0.31954,Equipment,-0.14583,0.35000,0.26650,0.64416,0.66840,0.66432,Transportation Equipment,0.03840,0.08923,0.07296,corporate,0.02474,0.05964,0.04847,0.24470,0.29553,0.27926,0.89207,0.78055,0.81308
35,35,Light trucks (including utility vehicles),167619978536.64954,ET11,0.17250,0.25480,0.35000,0.31954,Equipment,-0.14583,0.35000,0.26650,0.64416,0.66840,0.66432,Transportation Equipment,0.03840,0.08923,0.07296,corporate,0.02474,0.05964,0.04847,0.21090,0.26173,0.24546,0.87359,0.74837,0.78435
36,36,"Other trucks, buses and truck trailers",119548128283.44501,ET12,0.17250,0.25480,0.35000,0.31954,Equipment,-0.14583,0.35000,0.26650,0.64416,0.66840,0.66432,Transportation Equipment,0.03840,0.08923,0.07296,corporate,0.02474,0.05964,0.04847,0.21090,0.26173,0.24546,0.87359,0.74837,0.78435
37,37,Autos,136239832218.22234,ET20,0.33330,0.25480,0.35000,0.31954,Equipment,-0.14583,0.35000,0.26650,0.64416,0.66840,0.66432,Transportation Equipment,0.03840,0.08923,0.07296,corporate,0.02474,0.05964,0.04847,0.37170,0.42253,0.40626,0.93033,0.85178,0.87543
38,38,Aircraft,265994401126.70795,ET30,0.08590,0.25480,0.35000,0.31954,Equipment,-0.14583,0.35000,0.26650,0.64416,0.66840,0.66432,Transportation Equipment,0.03840,0.08923,0.07296,corporate,0.02474,0.05964,0.04847,0.12430,0.17513,0.15886,0.77485,0.59694,0.64428
39,39,Ships and boats,62839620240.34708,ET40,0.06110,0.25480,0.35000,0.31954,Equipment,-0.14583,0.35000,0.26650,0.64416,0.66840,0.66432,Transportation Equipment,0.03840,0.08923,0.07296,corporate,0.02474,0.05964,0.04847,0.09950,0.15033,0.13406,0.70997,0.51301,0.56299
40,40,Railroad equipment,109045484546.04863,ET50,0.05890,0.25480,0.35000,0.31954,Equipment,-0.14583,0.35000,0.26650,0.64416,0.66840,0.66432,Transportation Equipment,0.03840,0.08923,0.07296,corporate,0.02474,0.05964,0.04847,0.09730,0.14813,0.13186,0.70236,0.50385,0.55395
41,41,Theatrical movies,157833245541.22495,AE10,0.09300,0.25480,0.35000,0.31954,Intellectual Property,-0.14583,0.35000,0.26650,0.64416,0.66840,0.66432,Intellectual Property,0.03840,0.08923,0.07296,corporate,0.02474,0.05964,0.04847,0.13140,0.18223,0.16596,0.78840,0.61589,0.66226
42,42,Long-lived television programs,144610873939.53967,AE20,0.16800,0.25480,0.35000,0.31954,Intellectual Property,-0.14583,0.35000,0.26650,0.64416,0.66840,0.66432,Intellectual Property,0.03840,0.08923,0.07296,corporate,0.02474,0.05964,0.04847,0.20640,0.25723,0.24096,0.87065,0.74336,0.77985
43,43,Books,67646468506.09869,AE30,0.12100,0.25480,0.35000,0.31954,Intellectual Property,-0.14583,0.35000,0.26650,0.64416,0.66840,0.66432,Intellectual Property,0.03840,0.08923,0.07296,corporate,0.02474,0.05964,0.04847,0.15940,0.21023,0.19396,0.82899,0.67598,0.71841
44,44,Music,15406510045.76745,AE40,0.26700,0.25480,0.35000,0.31954,Intellectual Property,-0.14583,0.35000,0.26650,0.64416,0.66840,0.66432,Intellectual Property,0.03840,0.08923,0.07296,corporate,0.02474,0.05964,0.04847,0.30540,0.35623,0.33996,0.91451,0.82154,0.84916
45,45,Other entertainment originals,15413496806.38999,AE50,0.10900,0.25480,0.35000,0.31954,Intellectual Property,-0.14583,0.35000,0.26650,0.64416,0.66840,0.66432,Intellectual Property,0.03840,0.08923,0.07296,corporate,0.02474,0.05964,0.04847,0.14740,0.19823,0.18196,0.81368,0.65269,0.69681
46,46,Own account software,198787829234.10889,ENS3,0.33000,0.25480,0.35000,0.31954,Intellectual Property,-0.14583,0.35000,0.26650,0.64416,0.66840,0.66432,Intellectual Property,0.03840,0.08923,0.07296,corporate,0.02474,0.05964,0.04847,0.36840,0.41923,0.40296,0.92968,0.85052,0.87434
47,47,Pharmaceutical and medicine manufacturing,396355589473.99658,RD11,0.10000,0.25480,0.35000,0.31954,Intellectual Property,-0.14583,0.35000,0.26650,0.64416,0.66840,0.66432,Intellectual Property,0.03840,0.08923,0.07296,corporate,0.02474,0.05964,0.04847,0.13840,0.18923,0.17296,0.80026,0.63291,0.67830
48,48,"Chemical manufacturing, ex. pharma and med",54399224281.00928,RD12,0.16000,0.25480,0.35000,0.31954,Intellectual Property,-0.14583,0.35000,0.26650,0.64416,0.66840,0.66432,Intellectual Property,0.03840,0.08923,0.07296,corporate,0.02474,0.05964,0.04847,0.19840,0.24923,0.23296,0.86505,0.73394,0.77135
49,49,Computers and peripheral equipment manufacturing,9567048384.83953,RD21,0.40000,0.25480,0.35000,0.31954,Intellectual Property,-0.14583,0.35000,0.26650,0.64416,0.66840,0.66432,Intellectual Property,0.03840,0.08923,0.07296,corporate,0.02474,0.05964,0.04847,0.43840,0.48923,0.47296,0.94127,0.87336,0.89400
50,50,Communications equipment manufacturing,38393784818.88548,RD22,0.27000,0.25480,0.35000,0.31954,Intellectual Property,-0.14583,0.35000,0.26650,0.64416,0.66840,0.66432,Intellectual Property,0.03840,0.08923,0.07296,corporate,0.02474,0.05964,0.04847,0.30840,0.35923,0.34296,0.91538,0.82317,0.85059
51,51,Semiconductor and other component manufacturing,83580996525.44339,RD23,0.25000,0.25480,0.35000,0.31954,Intellectual Property,-0.14583,0.35000,0.26650,0.64416,0.66840,0.66432,Intellectual Property,0.03840,0.08923,0.07296,corporate,0.02474,0.05964,0.04847,0.28840,0.33923,0.32296,0.90922,0.81169,0.84054
52,52,Navigational and other instruments manufacturing,30814085765.72150,RD24,0.29000,0.25480,0.35000,0.31954,Intellectual Property,-0.14583,0.35000,0.26650,0.64416,0.66840,0.66432,Intellectual Property,0.03840,0.08923,0.07296,corporate,0.02474,0.05964,0.04847,0.32840,0.37923,0.36296,0.92075,0.83333,0.85944
53,53,"Other computer and electronic manufacturing, n.e.c.",1636224416.37729,RD25,0.40000,0.25480,0.35000,0.31954,Intellectual Property,-0.14583,0.35000,0.26650,0.64416,0.66840,0.66432,Intellectual Property,0.03840,0.08923,0.07296,corporate,0.02474,0.05964,0.04847,0.43840,0.48923,0.47296,0.94127,0.87336,0.89400
54,54,Motor vehicles and parts manufacturing,39313793397.64573,RD31,0.31000,0.25480,0.35000,0.31954,Intellectual Property,-0.14583,0.35000,0.26650,0.64416,0.66840,0.66432,Intellectual Property,0.03840,0.08923,0.07296,corporate,0.02474,0.05964,0.04847,0.34840,0.39923,0.38296,0.92548,0.84239,0.86731
55,55,Aerospace products and parts manufacturing,33211530576.08377,RD32,0.22000,0.25480,0.35000,0.31954,Intellectual Property,-0.14583,0.35000,0.26650,0.64416,0.66840,0.66432,Intellectual Property,0.03840,0.08923,0.07296,corporate,0.02474,0.05964,0.04847,0.25840,0.30923,0.29296,0.89811,0.79137,0.82265
56,56,Software publishers,20657269549.42317,RD40,0.22000,0.25480,0.35000,0.31954,Intellectual Property,-0.14583,0.35000,0.26650,0.64416,0.66840,0.66432,Intellectual Property,0.03840,0.08923,0.07296,corporate,0.02474,0.05964,0.04847,0.25840,0.30923,0.29296,0.89811,0.79137,0.82265
57,57,Financial and real estate services,6097212063.69451,RD50,0.16000,0.25480,0.35000,0.31954,Intellectual Property,-0.14583,0.35000,0.26650,0.64416,0.66840,0.66432,Intellectual Property,0.03840,0.08923,0.07296,corporate,0.02474,0.05964,0.04847,0.19840,0.24923,0.23296,0.86505,0.73394,0.77135
58,58,Computer systems design and related services,6318822870.45265,RD60,0.36000,0.25480,0.35000,0.31954,Intellectual Property,-0.14583,0.35000,0.26650,0.64416,0.66840,0.66432,Intellectual Property,0.03840,0.08923,0.07296,corporate,0.02474,0.05964,0.04847,0.39840,0.44923,0.43296,0.93516,0.86124,0.88359
59,59,Scientific research and development services,22814623102.50269,RD70,0.16000,0.25480,0.35000,0.31954,Intellectual Property,-0.14583,0.35000,0.26650,0.64416,0.66840,0.66432,Intellectual Property,0.03840,0.08923,0.07296,corporate,0.02474,0.05964,0.04847,0.19840,0.24923,0.23296,0.86505,0.73394,0.77135
60,60,"All other nonmanufacturing, n.e.c.",86239268420.53497,RD80,0.16000,0.25480,0.35000,0.31954,Intellectual Property,-0.14583,0.35000,0.26650,0.64416,0.66840,0.66432,Intellectual Property,0.03840,0.08923,0.07296,corporate,0.02474,0.05964,0.04847,0.19840,0.24923,0.23296,0.86505,0.73394,0.77135
61,61,Private universities and colleges,8714364638.50274,RD91,0.16000,0.25480,0.35000,0.31954,Intellectual Property,-0.14583,0.35000,0.26650,0.64416,0.66840,0.66432,Intellectual Property,0.03840,0.08923,0.07296,corporate,0.02474,0.05964,0.04847,0.19840,0.24923,0.23296,0.86505,0.73394,0.77135
62,62,Other nonprofit institutions,36718605375.43617,RD92,0.16000,0.25480,0.35000,0.31954,Intellectual Property,-0.14583,0.35000,0.26650,0.64416,0.66840,0.66432,Intellectual Property,0.03840,0.08923,0.07296,corporate,0.02474,0.05964,0.04847,0.19840,0.24923,0.23296,0.86505,0.73394,0.77135
63,63,Other manufacturing,207322515562.10355,RDOM,0.16000,0.25480,0.35000,0.31954,Intellectual Property,-0.14583,0.35000,0.26650,0.64416,0.66840,0.66432,Intellectual Property,0.03840,0.08923,0.07296,corporate,0.02474,0.05964,0.04847,0.19840,0.24923,0.23296,0.86505,0.73394,0.77135
64,64,Inventories,1540550422356.87988,INV,0.00000,0.27513,0.36877,0.33891,Inventories,0.01467,0.38952,0.32190,0.69400,0.68856,0.68967,Inventories,0.04466,0.09501,0.07893,corporate,0.03099,0.06542,0.05443,0.04466,0.09501,0.07893,0.00000,0.00000,0.00000
65,65,Land,3586505862665.65332,LAND,0.00000,0.25480,0.35000,0.31954,Land,-0.14583,0.35000,0.26650,0.64416,0.66840,0.66432,Land,0.03840,0.08923,0.07296,corporate,0.02474,0.05964,0.04847,0.03840,0.08923,0.07296,0.00000,0.00000,0.00000
66,66,Petroleum and natural gas,1033009084262.45227,SM01,0.07510,0.25480,0.35000,0.31954,Structures,-0.14583,0.35000,0.26650,0.64416,0.66840,0.66432,Mining and Drilling Structures,0.03840,0.08923,0.07296,corporate,0.02474,0.05964,0.04847,0.11350,0.16433,0.14806,0.75055,0.56424,0.61293
67,67,Mining,82930242550.87573,SM02,0.04500,0.25480,0.35000,0.31954,Structures,-0.14583,0.35000,0.26650,0.64416,0.66840,0.66432,Mining and Drilling Structures,0.03840,0.08923,0.07296,corporate,0.02474,0.05964,0.04847,0.08340,0.13423,0.11796,0.64322,0.43689,0.48687
68,68,Communication,578746934520.27332,SU20,0.02370,0.25480,0.35000,0.31954,Structures,-0.14583,0.35000,0.26650,0.64416,0.66840,0.66432,Mining and Drilling Structures,0.03840,0.08923,0.07296,corporate,0.02474,0.05964,0.04847,0.06210,0.11293,0.09666,0.48705,0.29009,0.33321
69,69,Gas,365538291966.44250,SU40,0.07510,0.25480,0.35000,0.31954,Structures,-0.14583,0.35000,0.26650,0.64416,0.66840,0.66432,Mining and Drilling Structures,0.03840,0.08923,0.07296,corporate,0.02474,0.05964,0.04847,0.11350,0.16433,0.14806,0.75055,0.56424,0.61293
70,70,Petroleum pipelines,112623061581.18890,SU50,0.02370,0.25480,0.35000,0.31954,Structures,-0.14583,0.35000,0.26650,0.64416,0.66840,0.66432,Mining and Drilling Structures,0.03840,0.08923,0.07296,corporate,0.02474,0.05964,0.04847,0.06210,0.11293,0.09666,0.48705,0.29009,0.33321
71,71,Religious,100591058771.57298,SB10,0.01880,0.25480,0.35000,0.31954,Structures,-0.14583,0.35000,0.26650,0.64416,0.66840,0.66432,Nonresidential Buildings,0.03840,0.08923,0.07296,corporate,0.02474,0.05964,0.04847,0.05720,0.10803,0.09176,0.42962,0.24479,0.28387
72,72,Educational and vocational,282731632260.71143,SB20,0.01880,0.25480,0.35000,0.31954,Structures,-0.14583,0.35000,0.26650,0.64416,0.66840,0.66432,Nonresidential Buildings,0.03840,0.08923,0.07296,corporate,0.02474,0.05964,0.04847,0.05720,0.10803,0.09176,0.42962,0.24479,0.28387
73,73,Hospitals,321465584009.55084,SB31,0.01880,0.25480,0.35000,0.31954,Structures,-0.14583,0.35000,0.26650,0.64416,0.66840,0.66432,Nonresidential Buildings,0.03840,0.08923,0.07296,corporate,0.02474,0.05964,0.04847,0.05720,0.10803,0.09176,0.42962,0.24479,0.28387
74,74,Special care,70115662530.67619,SB32,0.01880,0.25480,0.35000,0.31954,Structures,-0.14583,0.35000,0.26650,0.64416,0.66840,0.66432,Nonresidential Buildings,0.03840,0.08923,0.07296,corporate,0.02474,0.05964,0.04847,0.05720,0.10803,0.09176,0.42962,0.24479,0.28387
75,75,Lodging,171809464722.00076,SB41,0.02810,0.25480,0.35000,0.31954,Structures,-0.14583,0.35000,0.26650,0.64416,0.66840,0.66432,Nonresidential Buildings,0.03840,0.08923,0.07296,corporate,0.02474,0.05964,0.04847,0.06650,0.11733,0.10106,0.52959,0.32636,0.37205
76,76,Air transportation,26676130901.78949,SB43,0.02370,0.25480,0.35000,0.31954,Structures,-0.14583,0.35000,0.26650,0.64416,0.66840,0.66432,Nonresidential Buildings,0.03840,0.08923,0.07296,corporate,0.02474,0.05964,0.04847,0.06210,0.11293,0.09666,0.48705,0.29009,0.33321
77,77,Other transportation,3546598618.30267,SB45,0.02370,0.25480,0.35000,0.31954,Structures,-0.14583,0.35000,0.26650,0.64416,0.66840,0.66432,Nonresidential Buildings,0.03840,0.08923,0.07296,corporate,0.02474,0.05964,0.04847,0.06210,0.11293,0.09666,0.48705,0.29009,0.33321
78,78,Warehouses,281416771190.32635,SC01,0.02250,0.25480,0.35000,0.31954,Structures,-0.14583,0.35000,0.26650,0.64416,0.66840,0.66432,Nonresidential Buildings,0.03840,0.08923,0.07296,corporate,0.02474,0.05964,0.04847,0.06090,0.11173,0.09546,0.47408,0.27950,0.32176
79,79,Other commercial,342925648721.18970,SC02,0.02620,0.25480,0.35000,0.31954,Structures,-0.14583,0.35000,0.26650,0.64416,0.66840,0.66432,Nonresidential Buildings,0.03840,0.08923,0.07296,corporate,0.02474,0.05964,0.04847,0.06460,0.11543,0.09916,0.51212,0.31116,0.35585
80,80,Multimerchandise shopping,424453104850.84991,SC03,0.02620,0.25480,0.35000,0.31954,Structures,-0.14583,0.35000,0.26650,0.64416,0.66840,0.66432,Nonresidential Buildings,0.03840,0.08923,0.07296,corporate,0.02474,0.05964,0.04847,0.06460,0.11543,0.09916,0.51212,0.31116,0.35585
81,81,Food and beverage establishments,177715537882.64343,SC04,0.02620,0.25480,0.35000,0.31954,Structures,-0.14583,0.35000,0.26650,0.64416,0.66840,0.66432,Nonresidential Buildings,0.03840,0.08923,0.07296,corporate,0.02474,0.05964,0.04847,0.06460,0.11543,0.09916,0.51212,0.31116,0.35585
82,82,Manufacturing,1098167248469.70093,SI00,0.03140,0.25480,0.35000,0.31954,Structures,-0.14583,0.35000,0.26650,0.64416,0.66840,0.66432,Nonresidential Buildings,0.03840,0.08923,0.07296,corporate,0.02474,0.05964,0.04847,0.06980,0.12063,0.10436,0.55713,0.35123,0.39834
83,83,Public safety,15488160357.01913,SO03,0.02370,0.25480,0.35000,0.31954,Structures,-0.14583,0.35000,0.26650,0.64416,0.66840,0.66432,Nonresidential Buildings,0.03840,0.08923,0.07296,corporate,0.02474,0.05964,0.04847,0.06210,0.11293,0.09666,0.48705,0.29009,0.33321
84,84,Office,1125362772925.66992,SOO1,0.02470,0.25480,0.35000,0.31954,Structures,-0.14583,0.35000,0.26650,0.64416,0.66840,0.66432,Nonresidential Buildings,0.03840,0.08923,0.07296,corporate,0.02474,0.05964,0.04847,0.06310,0.11393,0.09766,0.49738,0.29867,0.34245
85,85,Medical buildings,108684928850.83852,SOO2,0.02470,0.25480,0.35000,0.31954,Structures,-0.14583,0.35000,0.26650,0.64416,0.66840,0.66432,Nonresidential Buildings,0.03840,0.08923,0.07296,corporate,0.02474,0.05964,0.04847,0.06310,0.11393,0.09766,0.49738,0.29867,0.34245
86,86,Amusement and recreation,163173271952.40323,SB42,0.03000,0.25480,0.35000,0.31954,Structures,-0.14583,0.35000,0.26650,0.64416,0.66840,0.66432,Other Structures,0.03840,0.08923,0.07296,corporate,0.02474,0.05964,0.04847,0.06840,0.11923,0.10296,0.54585,0.34091,0.38746
87,87,Local transit structures,9253082151.78652,SB44,0.02370,0.25480,0.35000,0.31954,Structures,-0.14583,0.35000,0.26650,0.64416,0.66840,0.66432,Other Structures,0.03840,0.08923,0.07296,corporate,0.02474,0.05964,0.04847,0.06210,0.11293,0.09666,0.48705,0.29009,0.33321
88,88,Other land transportation,7047759109.22463,SB46,0.02370,0.25480,0.35000,0.31954,Structures,-0.14583,0.35000,0.26650,0.64416,0.66840,0.66432,Other Structures,0.03840,0.08923,0.07296,corporate,0.02474,0.05964,0.04847,0.06210,0.11293,0.09666,0.48705,0.29009,0.33321
89,89,Farm,109520310583.65520,SN00,0.02390,0.25480,0.35000,0.31954,Structures,-0.14583,0.35000,0.26650,0.64416,0.66840,0.66432,Other Structures,0.03840,0.08923,0.07296,corporate,0.02474,0.05964,0.04847,0.06230,0.11313,0.09686,0.48915,0.29182,0.33508
90,90,Water supply,41285680277.46067,SO01,0.02250,0.25480,0.35000,0.31954,Structures,-0.14583,0.35000,0.26650,0.64416,0.66840,0.66432,Other Structures,0.03840,0.08923,0.07296,corporate,0.02474,0.05964,0.04847,0.06090,0.11173,0.09546,0.47408,0.27950,0.32176
91,91,Sewage and waste disposal,37655287429.56380,SO02,0.02250,0.25480,0.35000,0.31954,Structures,-0.14583,0.35000,0.26650,0.64416,0.66840,0.66432,Other Structures,0.03840,0.08923,0.07296,corporate,0.02474,0.05964,0.04847,0.06090,0.11173,0.09546,0.47408,0.27950,0.32176
92,92,Highway and conservation and development,22901934534.26336,SO04,0.02250,0.25480,0.35000,0.31954,Structures,-0.14583,0.35000,0.26650,0.64416,0.66840,0.66432,Other Structures,0.03840,0.08923,0.07296,corporate,0.02474,0.05964,0.04847,0.06090,0.11173,0.09546,0.47408,0.27950,0.32176
93,93,Mobile structures,4708544169.48583,SOMO,0.05560,0.25480,0.35000,0.31954,Structures,-0.14583,0.35000,0.26650,0.64416,0.66840,0.66432,Other Structures,0.03840,0.08923,0.07296,corporate,0.02474,0.05964,0.04847,0.09400,0.14483,0.12856,0.69017,0.48944,0.53966
94,94,Other railroad,135810598106.26529,SU11,0.01760,0.25480,0.35000,0.31954,Structures,-0.14583,0.35000,0.26650,0.64416,0.66840,0.66432,Other Structures,0.03840,0.08923,0.07296,corporate,0.02474,0.05964,0.04847,0.05600,0.10683,0.09056,0.41353,0.23280,0.27066
95,95,Track replacement,166460438699.67984,SU12,0.02490,0.25480,0.35000,0.31954,Structures,-0.14583,0.35000,0.26650,0.64416,0.66840,0.66432,Other Structures,0.03840,0.08923,0.07296,corporate,0.02474,0.05964,0.04847,0.06330,0.11413,0.09786,0.49940,0.30036,0.34427
96,96,Electric,1052404377889.31934,SU30,0.02110,0.25480,0.35000,0.31954,Structures,-0.14583,0.35000,0.26650,0.64416,0.66840,0.66432,Other Structures,0.03840,0.08923,0.07296,corporate,0.02474,0.05964,0.04847,0.05950,0.11033,0.09406,0.45810,0.26675,0.30791
97,97,Wind and solar,119300186299.04012,SU60,0.03030,0.25480,0.35000,0.31954,Structures,-0.14583,0.35000,0.26650,0.64416,0.66840,0.66432,Other Structures,0.03840,0.08923,0.07296,corporate,0.02474,0.05964,0.04847,0.06870,0.11953,0.10326,0.54832,0.34315,0.38982
98,98,Residential,333776430841.08838,RES,0.01631,0.25480,0.35000,0.31954,Structures,-0.14583,0.35000,0.26650,0.64416,0.66840,0.66432,Residential Buildings,0.03840,0.08923,0.07296,corporate,0.02474,0.05964,0.04847,0.05471,0.10554,0.08928,0.39526,0.21953,0.25594
99,99,Prepackaged software,22158075946.87273,ENS1,0.55000,0.15840,0.24000,0.21634,Equipment,-0.20809,0.24000,0.11612,0.72407,0.75370,0.74551,Computers and Software,0.03642,0.03893,0.03820,non-corporate,0.02637,0.02934,0.02848,0.58642,0.58893,0.58820,0.95208,0.94895,0.94986
100,100,Custom software,60800835315.39705,ENS2,0.33000,0.15840,0.24000,0.21634,Equipment,-0.20809,0.24000,0.11612,0.72407,0.75370,0.74551,Computers and Software,0.03642,0.03893,0.03820,non-corporate,0.02637,0.02934,0.02848,0.36642,0.36893,0.36820,0.92261,0.91771,0.91913
101,101,Mainframes,6190706381.12645,EP1A,0.46330,0.15840,0.24000,0.21634,Equipment,-0.20809,0.24000,0.11612,0.72407,0.75370,0.74551,Computers and Software,0.03642,0.03893,0.03820,non-corporate,0.02637,0.02934,0.02848,0.49972,0.50223,0.50150,0.94362,0.93997,0.94103
102,102,PCs,20612189046.54015,EP1B,0.46330,0.15840,0.24000,0.21634,Equipment,-0.20809,0.24000,0.11612,0.72407,0.75370,0.74551,Computers and Software,0.03642,0.03893,0.03820,non-corporate,0.02637,0.02934,0.02848,0.49972,0.50223,0.50150,0.94362,0.93997,0.94103
103,103,DASDs,0.00000,EP1C,0.46330,0.15840,0.24000,0.21634,Equipment,-0.20809,0.24000,0.11612,0.72407,0.75370,0.74551,Computers and Software,0.03642,0.03893,0.03820,non-corporate,0.02637,0.02934,0.02848,0.49972,0.50223,0.50150,0.94362,0.93997,0.94103
104,104,Printers,3876956089.05422,EP1D,0.46330,0.15840,0.24000,0.21634,Equipment,-0.20809,0.24000,0.11612,0.72407,0.75370,0.74551,Computers and Software,0.03642,0.03893,0.03820,non-corporate,0.02637,0.02934,0.02848,0.49972,0.50223,0.50150,0.94362,0.93997,0.94103
105,105,Terminals,5141005380.94208,EP1E,0.46330,0.15840,0.24000,0.21634,Equipment,-0.20809,0.24000,0.11612,0.72407,0.75370,0.74551,Computers and Software,0.03642,0.03893,0.03820,non-corporate,0.02637,0.02934,0.02848,0.49972,0.50223,0.50150,0.94362,0.93997,0.94103
106,106,Tape drives,0.00000,EP1F,0.46330,0.15840,0.24000,0.21634,Equipment,-0.20809,0.24000,0.11612,0.72407,0.75370,0.74551,Computers and Software,0.03642,0.03893,0.03820,non-corporate,0.02637,0.02934,0.02848,0.49972,0.50223,0.50150,0.94362,0.93997,0.94103
107,107,Storage devices,3192011590.89989,EP1G,0.46330,0.15840,0.24000,0.21634,Equipment,-0.20809,0.24000,0.11612,0.72407,0.75370,0.74551,Computers and Software,0.03642,0.03893,0.03820,non-corporate,0.02637,0.02934,0.02848,0.49972,0.50223,0.50150,0.94362,0.93997,0.94103
108,108,System integrators,11800815475.06376,EP1H,0.46330,0.15840,0.24000,0.21634,Equipment,-0.20809,0.24000,0.11612,0.72407,0.75370,0.74551,Computers and Software,0.03642,0.03893,0.03820,non-corporate,0.02637,0.02934,0.02848,0.49972,0.50223,0.50150,0.94362,0.93997,0.94103
109,109,Special industrial machinery,56031412759.01972,EI40,0.10310,0.15840,0.24000,0.21634,Equipment,-0.20809,0.24000,0.11612,0.72407,0.75370,0.74551,Industrial Machinery,0.03642,0.03893,0.03820,non-corporate,0.02637,0.02934,0.02848,0.13952,0.14203,0.14130,0.78835,0.77700,0.78026
110,110,General industrial equipment,114662497837.14465,EI50,0.10720,0.15840,0.24000,0.21634,Equipment,-0.20809,0.24000,0.11612,0.72407,0.75370,0.74551,Industrial Machinery,0.03642,0.03893,0.03820,non-corporate,0.02637,0.02934,0.02848,0.14362,0.14613,0.14540,0.79478,0.78369,0.78687
111,111,Office and accounting equipment,2542388832.95410,EP12,0.31190,0.15840,0.24000,0.21634,Equipment,-0.20809,0.24000,0.11612,0.72407,0.75370,0.74551,Instruments and Communications Equipment,0.03642,0.03893,0.03820,non-corporate,0.02637,0.02934,0.02848,0.34832,0.35083,0.35010,0.91849,0.91335,0.91484
112,112,Communications,102468863894.12276,EP20,0.11290,0.15840,0.24000,0.21634,Equipment,-0.20809,0.24000,0.11612,0.72407,0.75370,0.74551,Instruments and Communications Equipment,0.03642,0.03893,0.03820,non-corporate,0.02637,0.02934,0.02848,0.14932,0.15183,0.15110,0.80310,0.79234,0.79543
113,113,Photocopy and related equipment,10079053794.97324,EP31,0.18000,0.15840,0.24000,0.21634,Equipment,-0.20809,0.24000,0.11612,0.72407,0.75370,0.74551,Instruments and Communications Equipment,0.03642,0.03893,0.03820,non-corporate,0.02637,0.02934,0.02848,0.21642,0.21893,0.21820,0.86672,0.85882,0.86110
114,114,Nonelectro medical instruments,111916495413.68216,EP34,0.13500,0.15840,0.24000,0.21634,Equipment,-0.20809,0.24000,0.11612,0.72407,0.75370,0.74551,Instruments and Communications Equipment,0.03642,0.03893,0.03820,non-corporate,0.02637,0.02934,0.02848,0.17142,0.17393,0.17320,0.82985,0.82022,0.82299
115,115,Electro medical instruments,65668171776.99003,EP35,0.13500,0.15840,0.24000,0.21634,Equipment,-0.20809,0.24000,0.11612,0.72407,0.75370,0.74551,Instruments and Communications Equipment,0.03642,0.03893,0.03820,non-corporate,0.02637,0.02934,0.02848,0.17142,0.17393,0.17320,0.82985,0.82022,0.82299
116,116,Nonmedical instruments,59590066982.11147,EP36,0.13500,0.15840,0.24000,0.21634,Equipment,-0.20809,0.24000,0.11612,0.72407,0.75370,0.74551,Instruments and Communications Equipment,0.03642,0.03893,0.03820,non-corporate,0.02637,0.02934,0.02848,0.17142,0.17393,0.17320,0.82985,0.82022,0.82299
117,117,Household furniture,8579128472.95081,EO11,0.13750,0.15840,0.24000,0.21634,Equipment,-0.20809,0.24000,0.11612,0.72407,0.75370,0.74551,Office and Residential Equipment,0.03642,0.03893,0.03820,non-corporate,0.02637,0.02934,0.02848,0.17392,0.17643,0.17570,0.83243,0.82291,0.82565
118,118,Other furniture,97670828983.37396,EO12,0.11790,0.15840,0.24000,0.21634,Equipment,-0.20809,0.24000,0.11612,0.72407,0.75370,0.74551,Office and Residential Equipment,0.03642,0.03893,0.03820,non-corporate,0.02637,0.02934,0.02848,0.15432,0.15683,0.15610,0.80986,0.79938,0.80239
119,119,Household appliances,2193695747.75596,EO71,0.16500,0.15840,0.24000,0.21634,Equipment,-0.20809,0.24000,0.11612,0.72407,0.75370,0.74551,Office and Residential Equipment,0.03642,0.03893,0.03820,non-corporate,0.02637,0.02934,0.02848,0.20142,0.20393,0.20320,0.85634,0.84794,0.85036
120,120,Service industry machinery,66122349454.22968,EO60,0.15280,0.15840,0.24000,0.21634,Equipment,-0.20809,0.24000,0.11612,0.72407,0.75370,0.74551,Other Equipment,0.03642,0.03893,0.03820,non-corporate,0.02637,0.02934,0.02848,0.18922,0.19173,0.19100,0.84663,0.83777,0.84032
121,121,Other electrical,3542409326.69788,EO72,0.18340,0.15840,0.24000,0.21634,Equipment,-0.20809,0.24000,0.11612,0.72407,0.75370,0.74551,Other Equipment,0.03642,0.03893,0.03820,non-corporate,0.02637,0.02934,0.02848,0.21982,0.22233,0.22160,0.86886,0.86108,0.86332
122,122,Other,106207464938.46678,EO80,0.14730,0.15840,0.24000,0.21634,Equipment,-0.20809,0.24000,0.11612,0.72407,0.75370,0.74551,Other Equipment,0.03642,0.03893,0.03820,non-corporate,0.02637,0.02934,0.02848,0.18372,0.18623,0.18550,0.84181,0.83273,0.83534
123,123,Nuclear fuel,357727587.20009,EI11,0.25000,0.15840,0.24000,0.21634,Equipment,-0.20809,0.24000,0.11612,0.72407,0.75370,0.74551,Other Industrial Equipment,0.03642,0.03893,0.03820,non-corporate,0.02637,0.02934,0.02848,0.28642,0.28893,0.28820,0.90032,0.89417,0.89594
124,124,Other fabricated metals,36269357406.15295,EI12,0.09170,0.15840,0.24000,0.21634,Equipment,-0.20809,0.24000,0.11612,0.72407,0.75370,0.74551,Other Industrial Equipment,0.03642,0.03893,0.03820,non-corporate,0.02637,0.02934,0.02848,0.12812,0.13063,0.12990,0.76814,0.75605,0.75951
125,125,Metalworking machinery,40483811779.44739,EI30,0.12250,0.15840,0.24000,0.21634,Equipment,-0.20809,0.24000,0.11612,0.72407,0.75370,0.74551,Other Industrial Equipment,0.03642,0.03893,0.03820,non-corporate,0.02637,0.02934,0.02848,0.15892,0.16143,0.16070,0.81569,0.80545,0.80839
126,126,Electric transmission and distribution,41257755574.28375,EI60,0.05000,0.15840,0.24000,0.21634,Equipment,-0.20809,0.24000,0.11612,0.72407,0.75370,0.74551,Other Industrial Equipment,0.03642,0.03893,0.03820,non-corporate,0.02637,0.02934,0.02848,0.08642,0.08893,0.08820,0.64367,0.62823,0.63263
127,127,Farm tractors,30621499311.06843,EO21,0.14520,0.15840,0.24000,0.21634,Equipment,-0.20809,0.24000,0.11612,0.72407,0.75370,0.74551,Other Industrial Equipment,0.03642,0.03893,0.03820,non-corporate,0.02637,0.02934,0.02848,0.18162,0.18413,0.18340,0.83989,0.83072,0.83336
128,128,Construction tractors,3719463640.49122,EO22,0.16330,0.15840,0.24000,0.21634,Equipment,-0.20809,0.24000,0.11612,0.72407,0.75370,0.74551,Other Industrial Equipment,0.03642,0.03893,0.03820,non-corporate,0.02637,0.02934,0.02848,0.19972,0.20223,0.20150,0.85506,0.84660,0.84904
129,129,Other agricultural machinery,80549886162.49503,EO30,0.11790,0.15840,0.24000,0.21634,Equipment,-0.20809,0.24000,0.11612,0.72407,0.75370,0.74551,Other Industrial Equipment,0.03642,0.03893,0.03820,non-corporate,0.02637,0.02934,0.02848,0.15432,0.15683,0.15610,0.80986,0.79938,0.80239
130,130,Other construction machinery,98513726690.79021,EO40,0.15500,0.15840,0.24000,0.21634,Equipment,-0.20809,0.24000,0.11612,0.72407,0.75370,0.74551,Other Industrial Equipment,0.03642,0.03893,0.03820,non-corporate,0.02637,0.02934,0.02848,0.19142,0.19393,0.19320,0.84848,0.83970,0.84223
131,131,Mining and oilfield machinery,18092187649.14844,EO50,0.15000,0.15840,0.24000,0.21634,Equipment,-0.20809,0.24000,0.11612,0.72407,0.75370,0.74551,Other Industrial Equipment,0.03642,0.03893,0.03820,non-corporate,0.02637,0.02934,0.02848,0.18642,0.18893,0.18820,0.84421,0.83524,0.83782
132,132,Steam engines,6902986049.75531,EI21,0.05160,0.15840,0.24000,0.21634,Equipment,-0.20809,0.24000,0.11612,0.72407,0.75370,0.74551,Transportation Equipment,0.03642,0.03893,0.03820,non-corporate,0.02637,0.02934,0.02848,0.08802,0.09053,0.08980,0.65086,0.63555,0.63992
133,133,Internal combustion engines,1555979253.64744,EI22,0.20630,0.15840,0.24000,0.21634,Equipment,-0.20809,0.24000,0.11612,0.72407,0.75370,0.74551,Transportation Equipment,0.03642,0.03893,0.03820,non-corporate,0.02637,0.02934,0.02848,0.24272,0.24523,0.24450,0.88170,0.87456,0.87662
134,134,Light trucks (including utility vehicles),77738021463.35048,ET11,0.17250,0.15840,0.24000,0.21634,Equipment,-0.20809,0.24000,0.11612,0.72407,0.75370,0.74551,Transportation Equipment,0.03642,0.03893,0.03820,non-corporate,0.02637,0.02934,0.02848,0.20892,0.21143,0.21070,0.86172,0.85358,0.85593
135,135,"Other trucks, buses and truck trailers",52902871716.55499,ET12,0.17250,0.15840,0.24000,0.21634,Equipment,-0.20809,0.24000,0.11612,0.72407,0.75370,0.74551,Transportation Equipment,0.03642,0.03893,0.03820,non-corporate,0.02637,0.02934,0.02848,0.20892,0.21143,0.21070,0.86172,0.85358,0.85593
136,136,Autos,47539167781.77769,ET20,0.33330,0.15840,0.24000,0.21634,Equipment,-0.20809,0.24000,0.11612,0.72407,0.75370,0.74551,Transportation Equipment,0.03642,0.03893,0.03820,non-corporate,0.02637,0.02934,0.02848,0.36972,0.37223,0.37150,0.92332,0.91846,0.91987
137,137,Aircraft,86223598873.29201,ET30,0.08590,0.15840,0.24000,0.21634,Equipment,-0.20809,0.24000,0.11612,0.72407,0.75370,0.74551,Transportation Equipment,0.03642,0.03893,0.03820,non-corporate,0.02637,0.02934,0.02848,0.12232,0.12483,0.12410,0.75630,0.74379,0.74738
138,138,Ships and boats,16387379759.65291,ET40,0.06110,0.15840,0.24000,0.21634,Equipment,-0.20809,0.24000,0.11612,0.72407,0.75370,0.74551,Transportation Equipment,0.03642,0.03893,0.03820,non-corporate,0.02637,0.02934,0.02848,0.09752,0.10003,0.09930,0.68822,0.67373,0.67787
139,139,Railroad equipment,29964515453.95139,ET50,0.05890,0.15840,0.24000,0.21634,Equipment,-0.20809,0.24000,0.11612,0.72407,0.75370,0.74551,Transportation Equipment,0.03642,0.03893,0.03820,non-corporate,0.02637,0.02934,0.02848,0.09532,0.09783,0.09710,0.68030,0.66562,0.66981
140,140,Theatrical movies,18409754458.77512,AE10,0.09300,0.15840,0.24000,0.21634,Intellectual Property,-0.20809,0.24000,0.11612,0.72407,0.75370,0.74551,Intellectual Property,0.03642,0.03893,0.03820,non-corporate,0.02637,0.02934,0.02848,0.12942,0.13193,0.13120,0.77063,0.75863,0.76207
141,141,Long-lived television programs,14909126060.46035,AE20,0.16800,0.15840,0.24000,0.21634,Intellectual Property,-0.20809,0.24000,0.11612,0.72407,0.75370,0.74551,Intellectual Property,0.03642,0.03893,0.03820,non-corporate,0.02637,0.02934,0.02848,0.20442,0.20693,0.20620,0.85854,0.85025,0.85264
142,142,Books,14215531493.90130,AE30,0.12100,0.15840,0.24000,0.21634,Intellectual Property,-0.20809,0.24000,0.11612,0.72407,0.75370,0.74551,Intellectual Property,0.03642,0.03893,0.03820,non-corporate,0.02637,0.02934,0.02848,0.15742,0.15993,0.15920,0.81383,0.80351,0.80648
143,143,Music,8069489954.23256,AE40,0.26700,0.15840,0.24000,0.21634,Intellectual Property,-0.20809,0.24000,0.11612,0.72407,0.75370,0.74551,Intellectual Property,0.03642,0.03893,0.03820,non-corporate,0.02637,0.02934,0.02848,0.30342,0.30593,0.30520,0.90607,0.90024,0.90192
144,144,Other entertainment originals,11674503193.61001,AE50,0.10900,0.15840,0.24000,0.21634,Intellectual Property,-0.20809,0.24000,0.11612,0.72407,0.75370,0.74551,Intellectual Property,0.03642,0.03893,0.03820,non-corporate,0.02637,0.02934,0.02848,0.14542,0.14793,0.14720,0.79748,0.78650,0.78965
145,145,Own account software,63396170765.89111,ENS3,0.33000,0.15840,0.24000,0.21634,Intellectual Property,-0.20809,0.24000,0.11612,0.72407,0.75370,0.74551,Intellectual Property,0.03642,0.03893,0.03820,non-corporate,0.02637,0.02934,0.02848,0.36642,0.36893,0.36820,0.92261,0.91771,0.91913
146,146,Pharmaceutical and medicine manufacturing,68720410526.00345,RD11,0.10000,0.15840,0.24000,0.21634,Intellectual Property,-0.20809,0.24000,0.11612,0.72407,0.75370,0.74551,Intellectual Property,0.03642,0.03893,0.03820,non-corporate,0.02637,0.02934,0.02848,0.13642,0.13893,0.13820,0.78321,0.77167,0.77498
147,147,"Chemical manufacturing, ex. pharma and med",9431775718.99072,RD12,0.16000,0.15840,0.24000,0.21634,Intellectual Property,-0.20809,0.24000,0.11612,0.72407,0.75370,0.74551,Intellectual Property,0.03642,0.03893,0.03820,non-corporate,0.02637,0.02934,0.02848,0.19642,0.19893,0.19820,0.85251,0.84393,0.84640
148,148,Computers and peripheral equipment manufacturing,1249951615.16046,RD21,0.40000,0.15840,0.24000,0.21634,Intellectual Property,-0.20809,0.24000,0.11612,0.72407,0.75370,0.74551,Intellectual Property,0.03642,0.03893,0.03820,non-corporate,0.02637,0.02934,0.02848,0.43642,0.43893,0.43820,0.93528,0.93112,0.93232
149,149,Communications equipment manufacturing,5016215181.11452,RD22,0.27000,0.15840,0.24000,0.21634,Intellectual Property,-0.20809,0.24000,0.11612,0.72407,0.75370,0.74551,Intellectual Property,0.03642,0.03893,0.03820,non-corporate,0.02637,0.02934,0.02848,0.30642,0.30893,0.30820,0.90701,0.90123,0.90290
150,150,Semiconductor and other component manufacturing,10920003474.55663,RD23,0.25000,0.15840,0.24000,0.21634,Intellectual Property,-0.20809,0.24000,0.11612,0.72407,0.75370,0.74551,Intellectual Property,0.03642,0.03893,0.03820,non-corporate,0.02637,0.02934,0.02848,0.28642,0.28893,0.28820,0.90032,0.89417,0.89594
151,151,Navigational and other instruments manufacturing,4025914234.27850,RD24,0.29000,0.15840,0.24000,0.21634,Intellectual Property,-0.20809,0.24000,0.11612,0.72407,0.75370,0.74551,Intellectual Property,0.03642,0.03893,0.03820,non-corporate,0.02637,0.02934,0.02848,0.32642,0.32893,0.32820,0.91287,0.90742,0.90899
152,152,"Other computer and electronic manufacturing, n.e.c.",213775583.62271,RD25,0.40000,0.15840,0.24000,0.21634,Intellectual Property,-0.20809,0.24000,0.11612,0.72407,0.75370,0.74551,Intellectual Property,0.03642,0.03893,0.03820,non-corporate,0.02637,0.02934,0.02848,0.43642,0.43893,0.43820,0.93528,0.93112,0.93232
153,153,Motor vehicles and parts manufacturing,5835206602.35427,RD31,0.31000,0.15840,0.24000,0.21634,Intellectual Property,-0.20809,0.24000,0.11612,0.72407,0.75370,0.74551,Intellectual Property,0.03642,0.03893,0.03820,non-corporate,0.02637,0.02934,0.02848,0.34642,0.34893,0.34820,0.91803,0.91287,0.91436
154,154,Aerospace products and parts manufacturing,4929469423.91624,RD32,0.22000,0.15840,0.24000,0.21634,Intellectual Property,-0.20809,0.24000,0.11612,0.72407,0.75370,0.74551,Intellectual Property,0.03642,0.03893,0.03820,non-corporate,0.02637,0.02934,0.02848,0.25642,0.25893,0.25820,0.88824,0.88145,0.88341
155,155,Software publishers,949730450.57683,RD40,0.22000,0.15840,0.24000,0.21634,Intellectual Property,-0.20809,0.24000,0.11612,0.72407,0.75370,0.74551,Intellectual Property,0.03642,0.03893,0.03820,non-corporate,0.02637,0.02934,0.02848,0.25642,0.25893,0.25820,0.88824,0.88145,0.88341
156,156,Financial and real estate services,1540787936.30549,RD50,0.16000,0.15840,0.24000,0.21634,Intellectual Property,-0.20809,0.24000,0.11612,0.72407,0.75370,0.74551,Intellectual Property,0.03642,0.03893,0.03820,non-corporate,0.02637,0.02934,0.02848,0.19642,0.19893,0.19820,0.85251,0.84393,0.84640
157,157,Computer systems design and related services,5115177129.54735,RD60,0.36000,0.15840,0.24000,0.21634,Intellectual Property,-0.20809,0.24000,0.11612,0.72407,0.75370,0.74551,Intellectual Property,0.03642,0.03893,0.03820,non-corporate,0.02637,0.02934,0.02848,0.39642,0.39893,0.39820,0.92860,0.92405,0.92537
158,158,Scientific research and development services,22860376897.49732,RD70,0.16000,0.15840,0.24000,0.21634,Intellectual Property,-0.20809,0.24000,0.11612,0.72407,0.75370,0.74551,Intellectual Property,0.03642,0.03893,0.03820,non-corporate,0.02637,0.02934,0.02848,0.19642,0.19893,0.19820,0.85251,0.84393,0.84640
159,159,"All other nonmanufacturing, n.e.c.",33402731579.46502,RD80,0.16000,0.15840,0.24000,0.21634,Intellectual Property,-0.20809,0.24000,0.11612,0.72407,0.75370,0.74551,Intellectual Property,0.03642,0.03893,0.03820,non-corporate,0.02637,0.02934,0.02848,0.19642,0.19893,0.19820,0.85251,0.84393,0.84640
160,160,Private universities and colleges,6064635361.49726,RD91,0.16000,0.15840,0.24000,0.21634,Intellectual Property,-0.20809,0.24000,0.11612,0.72407,0.75370,0.74551,Intellectual Property,0.03642,0.03893,0.03820,non-corporate,0.02637,0.02934,0.02848,0.19642,0.19893,0.19820,0.85251,0.84393,0.84640
161,161,Other nonprofit institutions,44957394624.56384,RD92,0.16000,0.15840,0.24000,0.21634,Intellectual Property,-0.20809,0.24000,0.11612,0.72407,0.75370,0.74551,Intellectual Property,0.03642,0.03893,0.03820,non-corporate,0.02637,0.02934,0.02848,0.19642,0.19893,0.19820,0.85251,0.84393,0.84640
162,162,Other manufacturing,31261484437.89647,RDOM,0.16000,0.15840,0.24000,0.21634,Intellectual Property,-0.20809,0.24000,0.11612,0.72407,0.75370,0.74551,Intellectual Property,0.03642,0.03893,0.03820,non-corporate,0.02637,0.02934,0.02848,0.19642,0.19893,0.19820,0.85251,0.84393,0.84640
163,163,Inventories,903249577643.12000,INV,0.00000,0.17235,0.25391,0.23026,Inventories,-0.09746,0.30532,0.19347,0.74934,0.77487,0.76778,Inventories,0.04009,0.04259,0.04187,non-corporate,0.03004,0.03300,0.03215,0.04009,0.04259,0.04187,0.00000,0.00000,0.00000
164,164,Land,9085894137334.34766,LAND,0.00000,0.15840,0.24000,0.21634,Land,-0.20809,0.24000,0.11612,0.72407,0.75370,0.74551,Land,0.03642,0.03893,0.03820,non-corporate,0.02637,0.02934,0.02848,0.03642,0.03893,0.03820,0.00000,0.00000,0.00000
165,165,Petroleum and natural gas,212937915737.54758,SM01,0.07510,0.15840,0.24000,0.21634,Structures,-0.20809,0.24000,0.11612,0.72407,0.75370,0.74551,Mining and Drilling Structures,0.03642,0.03893,0.03820,non-corporate,0.02637,0.02934,0.02848,0.11152,0.11403,0.11330,0.73069,0.71736,0.72118
166,166,Mining,17079757449.12428,SM02,0.04500,0.15840,0.24000,0.21634,Structures,-0.20809,0.24000,0.11612,0.72407,0.75370,0.74551,Mining and Drilling Structures,0.03642,0.03893,0.03820,non-corporate,0.02637,0.02934,0.02848,0.08142,0.08393,0.08320,0.61915,0.60331,0.60782
167,167,Communication,54922065479.72655,SU20,0.02370,0.15840,0.24000,0.21634,Structures,-0.20809,0.24000,0.11612,0.72407,0.75370,0.74551,Mining and Drilling Structures,0.03642,0.03893,0.03820,non-corporate,0.02637,0.02934,0.02848,0.06012,0.06263,0.06190,0.46127,0.44474,0.44941
168,168,Gas,31446708033.55750,SU40,0.07510,0.15840,0.24000,0.21634,Structures,-0.20809,0.24000,0.11612,0.72407,0.75370,0.74551,Mining and Drilling Structures,0.03642,0.03893,0.03820,non-corporate,0.02637,0.02934,0.02848,0.11152,0.11403,0.11330,0.73069,0.71736,0.72118
169,169,Petroleum pipelines,20777938418.81110,SU50,0.02370,0.15840,0.24000,0.21634,Structures,-0.20809,0.24000,0.11612,0.72407,0.75370,0.74551,Mining and Drilling Structures,0.03642,0.03893,0.03820,non-corporate,0.02637,0.02934,0.02848,0.06012,0.06263,0.06190,0.46127,0.44474,0.44941
170,170,Religious,198115941228.42703,SB10,0.01880,0.15840,0.24000,0.21634,Structures,-0.20809,0.24000,0.11612,0.72407,0.75370,0.74551,Nonresidential Buildings,0.03642,0.03893,0.03820,non-corporate,0.02637,0.02934,0.02848,0.05522,0.05773,0.05700,0.40448,0.38852,0.39301
171,171,Educational and vocational,212838367739.28860,SB20,0.01880,0.15840,0.24000,0.21634,Structures,-0.20809,0.24000,0.11612,0.72407,0.75370,0.74551,Nonresidential Buildings,0.03642,0.03893,0.03820,non-corporate,0.02637,0.02934,0.02848,0.05522,0.05773,0.05700,0.40448,0.38852,0.39301
172,172,Hospitals,335377415990.44904,SB31,0.01880,0.15840,0.24000,0.21634,Structures,-0.20809,0.24000,0.11612,0.72407,0.75370,0.74551,Nonresidential Buildings,0.03642,0.03893,0.03820,non-corporate,0.02637,0.02934,0.02848,0.05522,0.05773,0.05700,0.40448,0.38852,0.39301
173,173,Special care,75652337469.32381,SB32,0.01880,0.15840,0.24000,0.21634,Structures,-0.20809,0.24000,0.11612,0.72407,0.75370,0.74551,Nonresidential Buildings,0.03642,0.03893,0.03820,non-corporate,0.02637,0.02934,0.02848,0.05522,0.05773,0.05700,0.40448,0.38852,0.39301
174,174,Lodging,333097535277.99927,SB41,0.02810,0.15840,0.24000,0.21634,Structures,-0.20809,0.24000,0.11612,0.72407,0.75370,0.74551,Nonresidential Buildings,0.03642,0.03893,0.03820,non-corporate,0.02637,0.02934,0.02848,0.06452,0.06703,0.06630,0.50376,0.48709,0.49181
175,175,Air transportation,6522869098.21050,SB43,0.02370,0.15840,0.24000,0.21634,Structures,-0.20809,0.24000,0.11612,0.72407,0.75370,0.74551,Nonresidential Buildings,0.03642,0.03893,0.03820,non-corporate,0.02637,0.02934,0.02848,0.06012,0.06263,0.06190,0.46127,0.44474,0.44941
176,176,Other transportation,1255401381.69733,SB45,0.02370,0.15840,0.24000,0.21634,Structures,-0.20809,0.24000,0.11612,0.72407,0.75370,0.74551,Nonresidential Buildings,0.03642,0.03893,0.03820,non-corporate,0.02637,0.02934,0.02848,0.06012,0.06263,0.06190,0.46127,0.44474,0.44941
177,177,Warehouses,129247228809.67365,SC01,0.02250,0.15840,0.24000,0.21634,Structures,-0.20809,0.24000,0.11612,0.72407,0.75370,0.74551,Nonresidential Buildings,0.03642,0.03893,0.03820,non-corporate,0.02637,0.02934,0.02848,0.05892,0.06143,0.06070,0.44839,0.43195,0.43659
178,178,Other commercial,167854351278.81033,SC02,0.02620,0.15840,0.24000,0.21634,Structures,-0.20809,0.24000,0.11612,0.72407,0.75370,0.74551,Nonresidential Buildings,0.03642,0.03893,0.03820,non-corporate,0.02637,0.02934,0.02848,0.06262,0.06513,0.06440,0.48627,0.46963,0.47433
179,179,Multimerchandise shopping,242344895149.14993,SC03,0.02620,0.15840,0.24000,0.21634,Structures,-0.20809,0.24000,0.11612,0.72407,0.75370,0.74551,Nonresidential Buildings,0.03642,0.03893,0.03820,non-corporate,0.02637,0.02934,0.02848,0.06262,0.06513,0.06440,0.48627,0.46963,0.47433
180,180,Food and beverage establishments,142536462117.35654,SC04,0.02620,0.15840,0.24000,0.21634,Structures,-0.20809,0.24000,0.11612,0.72407,0.75370,0.74551,Nonresidential Buildings,0.03642,0.03893,0.03820,non-corporate,0.02637,0.02934,0.02848,0.06262,0.06513,0.06440,0.48627,0.46963,0.47433
181,181,Manufacturing,312763751530.29919,SI00,0.03140,0.15840,0.24000,0.21634,Structures,-0.20809,0.24000,0.11612,0.72407,0.75370,0.74551,Nonresidential Buildings,0.03642,0.03893,0.03820,non-corporate,0.02637,0.02934,0.02848,0.06782,0.07033,0.06960,0.53148,0.51485,0.51956
182,182,Public safety,10144839642.98087,SO03,0.02370,0.15840,0.24000,0.21634,Structures,-0.20809,0.24000,0.11612,0.72407,0.75370,0.74551,Nonresidential Buildings,0.03642,0.03893,0.03820,non-corporate,0.02637,0.02934,0.02848,0.06012,0.06263,0.06190,0.46127,0.44474,0.44941
183,183,Office,595428227074.33008,SOO1,0.02470,0.15840,0.24000,0.21634,Structures,-0.20809,0.24000,0.11612,0.72407,0.75370,0.74551,Nonresidential Buildings,0.03642,0.03893,0.03820,non-corporate,0.02637,0.02934,0.02848,0.06112,0.06363,0.06290,0.47155,0.45497,0.45966
184,184,Medical buildings,100075071149.16150,SOO2,0.02470,0.15840,0.24000,0.21634,Structures,-0.20809,0.24000,0.11612,0.72407,0.75370,0.74551,Nonresidential Buildings,0.03642,0.03893,0.03820,non-corporate,0.02637,0.02934,0.02848,0.06112,0.06363,0.06290,0.47155,0.45497,0.45966
185,185,Amusement and recreation,164426728047.59677,SB42,0.03000,0.15840,0.24000,0.21634,Structures,-0.20809,0.24000,0.11612,0.72407,0.75370,0.74551,Other Structures,0.03642,0.03893,0.03820,non-corporate,0.02637,0.02934,0.02848,0.06642,0.06893,0.06820,0.52011,0.50345,0.50817
186,186,Local transit structures,2713917848.21348,SB44,0.02370,0.15840,0.24000,0.21634,Structures,-0.20809,0.24000,0.11612,0.72407,0.75370,0.74551,Other Structures,0.03642,0.03893,0.03820,non-corporate,0.02637,0.02934,0.02848,0.06012,0.06263,0.06190,0.46127,0.44474,0.44941
187,187,Other land transportation,4956240890.77537,SB46,0.02370,0.15840,0.24000,0.21634,Structures,-0.20809,0.24000,0.11612,0.72407,0.75370,0.74551,Other Structures,0.03642,0.03893,0.03820,non-corporate,0.02637,0.02934,0.02848,0.06012,0.06263,0.06190,0.46127,0.44474,0.44941
188,188,Farm,210718689416.34479,SN00,0.02390,0.15840,0.24000,0.21634,Structures,-0.20809,0.24000,0.11612,0.72407,0.75370,0.74551,Other Structures,0.03642,0.03893,0.03820,non-corporate,0.02637,0.02934,0.02848,0.06032,0.06283,0.06210,0.46336,0.44682,0.45149
189,189,Water supply,17351319722.53933,SO01,0.02250,0.15840,0.24000,0.21634,Structures,-0.20809,0.24000,0.11612,0.72407,0.75370,0.74551,Other Structures,0.03642,0.03893,0.03820,non-corporate,0.02637,0.02934,0.02848,0.05892,0.06143,0.06070,0.44839,0.43195,0.43659
190,190,Sewage and waste disposal,18704712570.43619,SO02,0.02250,0.15840,0.24000,0.21634,Structures,-0.20809,0.24000,0.11612,0.72407,0.75370,0.74551,Other Structures,0.03642,0.03893,0.03820,non-corporate,0.02637,0.02934,0.02848,0.05892,0.06143,0.06070,0.44839,0.43195,0.43659
191,191,Highway and conservation and development,14651065465.73664,SO04,0.02250,0.15840,0.24000,0.21634,Structures,-0.20809,0.24000,0.11612,0.72407,0.75370,0.74551,Other Structures,0.03642,0.03893,0.03820,non-corporate,0.02637,0.02934,0.02848,0.05892,0.06143,0.06070,0.44839,0.43195,0.43659
192,192,Mobile structures,3986455830.51417,SOMO,0.05560,0.15840,0.24000,0.21634,Structures,-0.20809,0.24000,0.11612,0.72407,0.75370,0.74551,Other Structures,0.03642,0.03893,0.03820,non-corporate,0.02637,0.02934,0.02848,0.09202,0.09453,0.09380,0.66763,0.65267,0.65694
193,193,Other railroad,35355401893.73472,SU11,0.01760,0.15840,0.24000,0.21634,Structures,-0.20809,0.24000,0.11612,0.72407,0.75370,0.74551,Other Structures,0.03642,0.03893,0.03820,non-corporate,0.02637,0.02934,0.02848,0.05402,0.05653,0.05580,0.38869,0.37297,0.37740
194,194,Track replacement,41586561300.32015,SU12,0.02490,0.15840,0.24000,0.21634,Structures,-0.20809,0.24000,0.11612,0.72407,0.75370,0.74551,Other Structures,0.03642,0.03893,0.03820,non-corporate,0.02637,0.02934,0.02848,0.06132,0.06383,0.06310,0.47356,0.45697,0.46166
195,195,Electric,70225622110.68069,SU30,0.02110,0.15840,0.24000,0.21634,Structures,-0.20809,0.24000,0.11612,0.72407,0.75370,0.74551,Other Structures,0.03642,0.03893,0.03820,non-corporate,0.02637,0.02934,0.02848,0.05752,0.06003,0.05930,0.43255,0.41626,0.42086
196,196,Wind and solar,13828813700.95988,SU60,0.03030,0.15840,0.24000,0.21634,Structures,-0.20809,0.24000,0.11612,0.72407,0.75370,0.74551,Other Structures,0.03642,0.03893,0.03820,non-corporate,0.02637,0.02934,0.02848,0.06672,0.06923,0.06850,0.52259,0.50594,0.51066
197,197,Residential,1251223569158.91162,RES,0.01631,0.15840,0.24000,0.21634,Structures,-0.20809,0.24000,0.11612,0.72407,0.75370,0.74551,Residential Buildings,0.03642,0.03893,0.03820,non-corporate,0.02637,0.02934,0.02848,0.05273,0.05525,0.05452,0.37082,0.35540,0.35974
198,198,Computers and Software,398439404774.10364,,0.41304,0.25480,0.35000,0.31954,Equipment,-0.14583,0.35000,0.26650,0.64416,0.66840,0.66432,Computers and Software,0.03840,0.08923,0.07296,corporate,0.02474,0.05964,0.04847,0.45144,0.50227,0.48600,0.94077,0.87270,0.89335
199,199,Industrial Machinery,754098089403.83569,,0.10569,0.25480,0.35000,0.31954,Equipment,-0.14583,0.35000,0.26650,0.64416,0.66840,0.66432,Industrial Machinery,0.03840,0.08923,0.07296,corporate,0.02474,0.05964,0.04847,0.14409,0.19492,0.17866,0.80891,0.64562,0.69020
200,200,Instruments and Communications Equipment,847266959305.16626,,0.12485,0.25480,0.35000,0.31954,Equipment,-0.14583,0.35000,0.26650,0.64416,0.66840,0.66432,Instruments and Communications Equipment,0.03840,0.08923,0.07296,corporate,0.02474,0.05964,0.04847,0.16325,0.21408,0.19781,0.83096,0.67954,0.72156
201,201,Intellectual Property,1681853383295.78247,,0.17644,0.25480,0.35000,0.31954,Intellectual Property,-0.14583,0.35000,0.26650,0.64416,0.66840,0.66432,Intellectual Property,0.03840,0.08923,0.07296,corporate,0.02474,0.05964,0.04847,0.21484,0.26567,0.24941,0.85685,0.72487,0.76198
204,204,Mining and Drilling Structures,2172847614881.23291,,0.05760,0.25480,0.35000,0.31954,Structures,-0.14583,0.35000,0.26650,0.64416,0.66840,0.66432,Mining and Drilling Structures,0.03840,0.08923,0.07296,corporate,0.02474,0.05964,0.04847,0.09600,0.14683,0.13056,0.66261,0.47215,0.51911
205,205,Nonresidential Buildings,4551150305062.84180,,0.02561,0.25480,0.35000,0.31954,Structures,-0.14583,0.35000,0.26650,0.64416,0.66840,0.66432,Nonresidential Buildings,0.03840,0.08923,0.07296,corporate,0.02474,0.05964,0.04847,0.06401,0.11484,0.09857,0.50299,0.30455,0.34849
206,206,Office and Residential Equipment,213260346795.91928,,0.11933,0.25480,0.35000,0.31954,Equipment,-0.14583,0.35000,0.26650,0.64416,0.66840,0.66432,Office and Residential Equipment,0.03840,0.08923,0.07296,corporate,0.02474,0.05964,0.04847,0.15773,0.20856,0.19229,0.82672,0.67255,0.71522
207,207,Other Equipment,337069776280.60559,,0.15074,0.25480,0.35000,0.31954,Equipment,-0.14583,0.35000,0.26650,0.64416,0.66840,0.66432,Other Equipment,0.03840,0.08923,0.07296,corporate,0.02474,0.05964,0.04847,0.18914,0.23997,0.22371,0.85769,0.72180,0.76034
208,208,Other Industrial Equipment,1055995584198.92261,,0.09750,0.25480,0.35000,0.31954,Equipment,-0.14583,0.35000,0.26650,0.64416,0.66840,0.66432,Other Industrial Equipment,0.03840,0.08923,0.07296,corporate,0.02474,0.05964,0.04847,0.13590,0.18673,0.17046,0.76693,0.59580,0.64076
209,209,Other Structures,1869521471202.14795,,0.02290,0.25480,0.35000,0.31954,Structures,-0.14583,0.35000,0.26650,0.64416,0.66840,0.66432,Other Structures,0.03840,0.08923,0.07296,corporate,0.02474,0.05964,0.04847,0.06130,0.11213,0.09586,0.47548,0.28155,0.32376
210,210,Residential Buildings,333776430841.08838,,0.01631,0.25480,0.35000,0.31954,Structures,-0.14583,0.35000,0.26650,0.64416,0.66840,0.66432,Residential Buildings,0.03840,0.08923,0.07296,corporate,0.02474,0.05964,0.04847,0.05471,0.10554,0.08928,0.39526,0.21953,0.25594
211,211,Transportation Equipment,965295479648.01782,,0.14020,0.25480,0.35000,0.31954,Equipment,-0.14583,0.35000,0.26650,0.64416,0.66840,0.66432,Transportation Equipment,0.03840,0.08923,0.07296,corporate,0.02474,0.05964,0.04847,0.17860,0.22943,0.21317,0.80568,0.65235,0.69354
212,212,Computers and Software,133772595225.89632,,0.41707,0.15840,0.24000,0.21634,Equipment,-0.20809,0.24000,0.11612,0.72407,0.75370,0.74551,Computers and Software,0.03642,0.03893,0.03820,non-corporate,0.02637,0.02934,0.02848,0.45350,0.45601,0.45528,0.93547,0.93134,0.93254
213,213,Industrial Machinery,170693910596.16437,,0.10585,0.15840,0.24000,0.21634,Equipment,-0.20809,0.24000,0.11612,0.72407,0.75370,0.74551,Industrial Machinery,0.03642,0.03893,0.03820,non-corporate,0.02637,0.02934,0.02848,0.14228,0.14479,0.14406,0.79267,0.78149,0.78470
214,214,Instruments and Communications Equipment,352265040694.83380,,0.13114,0.15840,0.24000,0.21634,Equipment,-0.20809,0.24000,0.11612,0.72407,0.75370,0.74551,Instruments and Communications Equipment,0.03642,0.03893,0.03820,non-corporate,0.02637,0.02934,0.02848,0.16756,0.17007,0.16934,0.82376,0.81389,0.81673
215,215,Intellectual Property,387169616704.21753,,0.18561,0.15840,0.24000,0.21634,Intellectual Property,-0.20809,0.24000,0.11612,0.72407,0.75370,0.74551,Intellectual Property,0.03642,0.03893,0.03820,non-corporate,0.02637,0.02934,0.02848,0.22203,0.22454,0.22381,0.85160,0.84315,0.84558
218,218,Mining and Drilling Structures,337164385118.76697,,0.06203,0.15840,0.24000,0.21634,Structures,-0.20809,0.24000,0.11612,0.72407,0.75370,0.74551,Mining and Drilling Structures,0.03642,0.03893,0.03820,non-corporate,0.02637,0.02934,0.02848,0.09846,0.10097,0.10024,0.66455,0.65038,0.65442
219,219,Nonresidential Buildings,2863254694937.15771,,0.02432,0.15840,0.24000,0.21634,Structures,-0.20809,0.24000,0.11612,0.72407,0.75370,0.74551,Nonresidential Buildings,0.03642,0.03893,0.03820,non-corporate,0.02637,0.02934,0.02848,0.06074,0.06325,0.06252,0.46432,0.44790,0.45254
220,220,Office and Residential Equipment,108443653204.08075,,0.12040,0.15840,0.24000,0.21634,Equipment,-0.20809,0.24000,0.11612,0.72407,0.75370,0.74551,Office and Residential Equipment,0.03642,0.03893,0.03820,non-corporate,0.02637,0.02934,0.02848,0.15682,0.15934,0.15861,0.81259,0.80223,0.80520
221,221,Other Equipment,175872223719.39435,,0.15009,0.15840,0.24000,0.21634,Equipment,-0.20809,0.24000,0.11612,0.72407,0.75370,0.74551,Other Equipment,0.03642,0.03893,0.03820,non-corporate,0.02637,0.02934,0.02848,0.18652,0.18903,0.18830,0.84417,0.83519,0.83778
222,222,Other Industrial Equipment,349865415801.07751,,0.12282,0.15840,0.24000,0.21634,Equipment,-0.20809,0.24000,0.11612,0.72407,0.75370,0.74551,Other Industrial Equipment,0.03642,0.03893,0.03820,non-corporate,0.02637,0.02934,0.02848,0.15924,0.16176,0.16103,0.80246,0.79196,0.79497
223,223,Other Structures,598505528797.85229,,0.02518,0.15840,0.24000,0.21634,Structures,-0.20809,0.24000,0.11612,0.72407,0.75370,0.74551,Other Structures,0.03642,0.03893,0.03820,non-corporate,0.02637,0.02934,0.02848,0.06160,0.06412,0.06339,0.47307,0.45659,0.46125
224,224,Residential Buildings,1251223569158.91162,,0.01631,0.15840,0.24000,0.21634,Structures,-0.20809,0.24000,0.11612,0.72407,0.75370,0.74551,Residential Buildings,0.03642,0.03893,0.03820,non-corporate,0.02637,0.02934,0.02848,0.05273,0.05525,0.05452,0.37082,0.35540,0.35974
225,225,Transportation Equipment,319214520351.98218,,0.15422,0.15840,0.24000,0.21634,Equipment,-0.20809,0.24000,0.11612,0.72407,0.75370,0.74551,Transportation Equipment,0.03642,0.03893,0.03820,non-corporate,0.02637,0.02934,0.02848,0.19064,0.19316,0.19243,0.81202,0.80210,0.80495
226,226,Equipment,4571425640406.57031,,0.14538,0.25480,0.35000,0.31954,Equipment,-0.14583,0.35000,0.26650,0.64416,0.66840,0.66432,Equipment,0.03840,0.08923,0.07296,corporate,0.02474,0.05964,0.04847,0.18378,0.23461,0.21835,0.81854,0.66848,0.70934
230,230,Structures,8927295821987.31055,,0.03248,0.25480,0.35000,0.31954,Structures,-0.14583,0.35000,0.26650,0.64416,0.66840,0.66432,Structures,0.03840,0.08923,0.07296,corporate,0.02474,0.05964,0.04847,0.07088,0.12171,0.10544,0.53205,0.33735,0.38138
231,231,Equipment,1610127359593.42920,,0.15633,0.15840,0.24000,0.21634,Equipment,-0.20809,0.24000,0.11612,0.72407,0.75370,0.74551,Equipment,0.03642,0.03893,0.03820,non-corporate,0.02637,0.02934,0.02848,0.19275,0.19526,0.19454,0.82427,0.81465,0.81741
235,235,Structures,5050148178012.68848,,0.02496,0.15840,0.24000,0.21634,Structures,-0.20809,0.24000,0.11612,0.72407,0.75370,0.74551,Structures,0.03642,0.03893,0.03820,non-corporate,0.02637,0.02934,0.02848,0.06138,0.06389,0.06316,0.45556,0.43953,0.44406
236,236,Overall,20307631130712.19531,,0.06162,0.25634,0.35142,0.32101,Overall,-0.13185,0.35318,0.27102,0.64850,0.67002,0.66638,Overall,0.03887,0.08967,0.07342,corporate,0.02521,0.06008,0.04892,0.10049,0.15129,0.13503,0.48912,0.35881,0.39044
237,237,Overall,17036588869287.80469,,0.02639,0.15914,0.24074,0.21707,Overall,-0.20167,0.24377,0.12059,0.72554,0.75493,0.74680,Overall,0.03662,0.03913,0.03840,non-corporate,0.02657,0.02954,0.02868,0.06301,0.06552,0.06479,0.23230,0.22644,0.22810
